run_id,variant,case_set,instance_id,solved,steps_used,steps_allowed,solve_fraction,total_tokens,cost_bpt,stopped_reason
A_c1_9b_mcts,A,c1,board_rollup_001,1,4,18,0.2222,13289,119601.0,auto_finalized
A_c1_9b_mcts,A,c1,budget_snapshot_001,0,18,18,1.0000,91855,826695.0,reviewer_rejected
A_c1_9b_mcts,A,c1,contact_card_001,0,18,18,1.0000,114268,1028412.0,reviewer_rejected
A_c1_9b_mcts,A,c1,digest_preview_001,0,18,18,1.0000,135020,1215180.0,reviewer_rejected
A_c1_9b_mcts,A,c1,incident_brief_001,1,6,18,0.3333,21513,193617.0,auto_finalized
A_c1_9b_mcts,A,c1,invoice_footer_001,1,9,18,0.5000,76519,688671.0,auto_finalized
A_c1_9b_mcts,A,c1,label_formatter_001,1,7,18,0.3889,38132,343188.0,auto_finalized
A_c1_9b_mcts,A,c1,median_window_001,1,3,18,0.1667,11481,103329.0,auto_finalized
A_c1_9b_mcts,A,c1,milestone_rollup_001,0,4,18,0.2222,14427,129843.0,reviewer_rejected
A_c1_9b_mcts,A,c1,nested_app_001,1,8,18,0.4444,46397,417573.0,auto_finalized
A_c1_9b_mcts,A,c1,owner_recap_001,1,9,18,0.5000,47012,423108.0,auto_finalized
A_c1_9b_mcts,A,c1,owner_sort_001,1,3,18,0.1667,11833,106497.0,auto_finalized
A_c1_9b_mcts,A,c1,priority_snapshot_001,1,5,18,0.2778,17776,159984.0,auto_finalized
A_c1_9b_mcts,A,c1,renewal_preview_001,1,11,18,0.6111,48328,434952.0,auto_finalized
A_c1_9b_mcts,A,c1,risk_score_001,1,3,18,0.1667,9610,86490.0,auto_finalized
A_c1_9b_mcts,A,c1,shipment_preview_001,0,11,18,0.6111,77913,701217.0,reviewer_rejected
A_c1_9b_mcts,A,c1,simple_mean_bug_001,1,3,18,0.1667,9698,87282.0,auto_finalized
A_c1_9b_mcts,A,c1,status_slug_001,1,3,18,0.1667,9013,81117.0,auto_finalized
A_c1_9b_mcts,A,c1,team_digest_001,1,4,18,0.2222,21924,197316.0,auto_finalized
A_c1_9b_mcts,A,c1,workspace_digest_001,1,6,18,0.3333,23890,215010.0,auto_finalized
A_c2_9b_mcts,A,c2,assignee_board_001,0,18,18,1.0000,89020,801180.0,max_iterations
A_c2_9b_mcts,A,c2,campaign_header_001,0,5,18,0.2778,11298,101682.0,parse_failure
A_c2_9b_mcts,A,c2,comment_highlight_001,1,4,18,0.2222,8344,75096.0,auto_finalized
A_c2_9b_mcts,A,c2,dispatch_preview_001,0,18,18,1.0000,59779,538011.0,empty_patch_guardrail
A_c2_9b_mcts,A,c2,fee_rounding_001,1,3,18,0.1667,4830,43470.0,auto_finalized
A_c2_9b_mcts,A,c2,headline_api_001,0,12,18,0.6667,106523,958707.0,max_iterations
A_c2_9b_mcts,A,c2,incident_brief_c2_001,1,4,18,0.2222,7696,69264.0,auto_finalized
A_c2_9b_mcts,A,c2,invoice_summary_001,1,4,18,0.2222,8139,73251.0,auto_finalized
A_c2_9b_mcts,A,c2,label_join_001,1,4,18,0.2222,6865,61785.0,auto_finalized
A_c2_9b_mcts,A,c2,partner_brief_001,1,6,18,0.3333,10785,97065.0,auto_finalized
A_c2_9b_mcts,A,c2,profile_preview_001,0,18,18,1.0000,55661,500949.0,max_iterations
A_c2_9b_mcts,A,c2,queue_digest_001,1,4,18,0.2222,7686,69174.0,auto_finalized
A_c2_9b_mcts,A,c2,ratio_guard_001,0,3,18,0.1667,8188,73692.0,parse_failure
A_c2_9b_mcts,A,c2,renewal_banner_001,0,18,18,1.0000,59875,538875.0,max_iterations
A_c2_9b_mcts,A,c2,retry_slot_001,1,3,18,0.1667,5004,45036.0,auto_finalized
A_c2_9b_mcts,A,c2,shipment_digest_001,1,4,18,0.2222,7721,69489.0,auto_finalized
A_c2_9b_mcts,A,c2,sprint_rollup_001,1,3,18,0.1667,5257,47313.0,auto_finalized
A_c2_9b_mcts,A,c2,tag_visibility_001,1,4,18,0.2222,6863,61767.0,auto_finalized
A_c2_9b_mcts,A,c2,timeline_caption_001,0,14,18,0.7778,39755,357795.0,parse_failure
A_c2_9b_mcts,A,c2,window_center_001,1,3,18,0.1667,4856,43704.0,auto_finalized
A_c3_9b_mcts,A,c3,alert_subject_001,0,0,0,,0,0.0,
A_c3_9b_mcts,A,c3,backlog_health_medium_c3_001,1,3,18,0.1667,9875,88875.0,auto_finalized
A_c3_9b_mcts,A,c3,c3_banner_trim_001,1,3,18,0.1667,8767,78903.0,auto_finalized
A_c3_9b_mcts,A,c3,c3_clamp_floor_001,1,3,18,0.1667,8831,79479.0,auto_finalized
A_c3_9b_mcts,A,c3,c3_csv_count_001,1,3,18,0.1667,8747,78723.0,auto_finalized
A_c3_9b_mcts,A,c3,c3_eta_label_001,1,3,18,0.1667,8868,79812.0,auto_finalized
A_c3_9b_mcts,A,c3,c3_initials_join_001,0,18,18,1.0000,149153,1342377.0,reviewer_rejected
A_c3_9b_mcts,A,c3,c3_slug_tail_001,1,3,18,0.1667,8743,78687.0,auto_finalized
A_c3_9b_mcts,A,c3,c3_title_case_001,1,5,18,0.2778,22586,203274.0,auto_finalized
A_c3_9b_mcts,A,c3,escalation_caption_001,0,18,18,1.0000,123128,1108152.0,reviewer_rejected
A_c3_9b_mcts,A,c3,invoice_alerts_medium_c3_001,1,3,18,0.1667,9900,89100.0,auto_finalized
A_c3_9b_mcts,A,c3,ledger_preview_001,1,2,18,0.1111,8335,75015.0,auto_finalized
A_c3_9b_mcts,A,c3,oncall_brief_medium_c3_001,1,3,18,0.1667,9834,88506.0,auto_finalized
A_c3_9b_mcts,A,c3,quota_snapshot_medium_c3_001,1,3,18,0.1667,9919,89271.0,auto_finalized
A_c3_9b_mcts,A,c3,release_notes_medium_c3_001,1,5,18,0.2778,15191,136719.0,auto_finalized
A_c3_9b_mcts,A,c3,roster_signature_001,0,12,18,0.6667,114071,1026639.0,reviewer_rejected
A_c3_9b_mcts,A,c3,segment_badge_001,0,3,18,0.1667,14019,126171.0,reviewer_rejected
A_c3_9b_mcts,A,c3,ticket_digest_medium_c3_001,1,4,18,0.2222,12629,113661.0,auto_finalized
A_c3_9b_mcts,A,c3,transfer_digest_001,0,13,18,0.7222,97841,880569.0,reviewer_rejected
A_c3_9b_mcts,A,c3,uptime_rollup_medium_c3_001,1,4,18,0.2222,12693,114237.0,auto_finalized
A_strict_c1_9b_mcts,A_strict,c1,board_rollup_001,1,4,18,0.2222,13289,119601.0,auto_finalized
A_strict_c1_9b_mcts,A_strict,c1,budget_snapshot_001,0,18,18,1.0000,137873,1240857.0,reviewer_rejected
A_strict_c1_9b_mcts,A_strict,c1,contact_card_001,0,15,18,0.8333,66916,602244.0,reviewer_rejected
A_strict_c1_9b_mcts,A_strict,c1,digest_preview_001,0,18,18,1.0000,96814,871326.0,reviewer_rejected
A_strict_c1_9b_mcts,A_strict,c1,incident_brief_001,1,6,18,0.3333,21845,196605.0,auto_finalized
A_strict_c1_9b_mcts,A_strict,c1,invoice_footer_001,1,8,18,0.4444,55339,498051.0,auto_finalized
A_strict_c1_9b_mcts,A_strict,c1,label_formatter_001,0,0,0,,0,0.0,
A_strict_c1_9b_mcts,A_strict,c1,median_window_001,1,3,18,0.1667,16237,146133.0,auto_finalized
A_strict_c1_9b_mcts,A_strict,c1,milestone_rollup_001,0,4,18,0.2222,12760,114840.0,reviewer_rejected
A_strict_c1_9b_mcts,A_strict,c1,nested_app_001,1,5,18,0.2778,27673,249057.0,auto_finalized
A_strict_c1_9b_mcts,A_strict,c1,owner_recap_001,1,9,18,0.5000,37323,335907.0,auto_finalized
A_strict_c1_9b_mcts,A_strict,c1,owner_sort_001,1,3,18,0.1667,11838,106542.0,auto_finalized
A_strict_c1_9b_mcts,A_strict,c1,priority_snapshot_001,0,6,18,0.3333,19526,175734.0,reviewer_rejected
A_strict_c1_9b_mcts,A_strict,c1,renewal_preview_001,1,7,18,0.3889,43788,394092.0,auto_finalized
A_strict_c1_9b_mcts,A_strict,c1,risk_score_001,1,3,18,0.1667,9610,86490.0,auto_finalized
A_strict_c1_9b_mcts,A_strict,c1,shipment_preview_001,0,15,18,0.8333,94280,848520.0,reviewer_rejected
A_strict_c1_9b_mcts,A_strict,c1,simple_mean_bug_001,1,3,18,0.1667,9698,87282.0,auto_finalized
A_strict_c1_9b_mcts,A_strict,c1,status_slug_001,1,3,18,0.1667,9013,81117.0,auto_finalized
A_strict_c1_9b_mcts,A_strict,c1,team_digest_001,0,13,18,0.7222,148612,1337508.0,reviewer_rejected
A_strict_c1_9b_mcts,A_strict,c1,workspace_digest_001,1,6,18,0.3333,23890,215010.0,auto_finalized
A_strict_c2_9b_mcts,A_strict,c2,assignee_board_001,0,18,18,1.0000,69875,628875.0,reviewer_rejected
A_strict_c2_9b_mcts,A_strict,c2,campaign_header_001,0,18,18,1.0000,62266,560394.0,reviewer_rejected
A_strict_c2_9b_mcts,A_strict,c2,comment_highlight_001,1,4,18,0.2222,13150,118350.0,auto_finalized
A_strict_c2_9b_mcts,A_strict,c2,dispatch_preview_001,0,18,18,1.0000,72501,652509.0,reviewer_rejected
A_strict_c2_9b_mcts,A_strict,c2,fee_rounding_001,1,4,18,0.2222,11261,101349.0,auto_finalized
A_strict_c2_9b_mcts,A_strict,c2,headline_api_001,0,17,18,0.9444,96697,870273.0,reviewer_rejected
A_strict_c2_9b_mcts,A_strict,c2,incident_brief_c2_001,1,3,18,0.1667,10155,91395.0,auto_finalized
A_strict_c2_9b_mcts,A_strict,c2,invoice_summary_001,1,4,18,0.2222,13260,119340.0,auto_finalized
A_strict_c2_9b_mcts,A_strict,c2,label_join_001,1,4,18,0.2222,10893,98037.0,auto_finalized
A_strict_c2_9b_mcts,A_strict,c2,partner_brief_001,1,6,18,0.3333,18019,162171.0,auto_finalized
A_strict_c2_9b_mcts,A_strict,c2,profile_preview_001,0,4,18,0.2222,14693,132237.0,reviewer_rejected
A_strict_c2_9b_mcts,A_strict,c2,queue_digest_001,1,3,18,0.1667,9670,87030.0,auto_finalized
A_strict_c2_9b_mcts,A_strict,c2,ratio_guard_001,0,0,0,,0,0.0,
A_strict_c2_9b_mcts,A_strict,c2,renewal_banner_001,1,5,18,0.2778,16962,152658.0,auto_finalized
A_strict_c2_9b_mcts,A_strict,c2,retry_slot_001,1,3,18,0.1667,13800,124200.0,auto_finalized
A_strict_c2_9b_mcts,A_strict,c2,shipment_digest_001,1,4,18,0.2222,12694,114246.0,auto_finalized
A_strict_c2_9b_mcts,A_strict,c2,sprint_rollup_001,1,4,18,0.2222,12125,109125.0,auto_finalized
A_strict_c2_9b_mcts,A_strict,c2,tag_visibility_001,1,4,18,0.2222,11244,101196.0,auto_finalized
A_strict_c2_9b_mcts,A_strict,c2,timeline_caption_001,0,18,18,1.0000,72176,649584.0,reviewer_rejected
A_strict_c2_9b_mcts,A_strict,c2,window_center_001,1,3,18,0.1667,8797,79173.0,auto_finalized
A_strict_c3_9b_mcts,A_strict,c3,alert_subject_001,0,18,18,1.0000,60889,548001.0,reviewer_rejected
A_strict_c3_9b_mcts,A_strict,c3,backlog_health_medium_c3_001,1,3,18,0.1667,9875,88875.0,auto_finalized
A_strict_c3_9b_mcts,A_strict,c3,c3_banner_trim_001,1,3,18,0.1667,8767,78903.0,auto_finalized
A_strict_c3_9b_mcts,A_strict,c3,c3_clamp_floor_001,1,3,18,0.1667,8832,79488.0,auto_finalized
A_strict_c3_9b_mcts,A_strict,c3,c3_csv_count_001,1,3,18,0.1667,8747,78723.0,auto_finalized
A_strict_c3_9b_mcts,A_strict,c3,c3_eta_label_001,1,3,18,0.1667,8869,79821.0,auto_finalized
A_strict_c3_9b_mcts,A_strict,c3,c3_initials_join_001,0,18,18,1.0000,154439,1389951.0,reviewer_rejected
A_strict_c3_9b_mcts,A_strict,c3,c3_slug_tail_001,1,3,18,0.1667,8738,78642.0,auto_finalized
A_strict_c3_9b_mcts,A_strict,c3,c3_title_case_001,1,4,18,0.2222,18903,170127.0,auto_finalized
A_strict_c3_9b_mcts,A_strict,c3,escalation_caption_001,0,18,18,1.0000,58800,529200.0,reviewer_rejected
A_strict_c3_9b_mcts,A_strict,c3,invoice_alerts_medium_c3_001,1,3,18,0.1667,9900,89100.0,auto_finalized
A_strict_c3_9b_mcts,A_strict,c3,ledger_preview_001,1,13,18,0.7222,112878,1015902.0,auto_finalized
A_strict_c3_9b_mcts,A_strict,c3,oncall_brief_medium_c3_001,1,3,18,0.1667,9834,88506.0,auto_finalized
A_strict_c3_9b_mcts,A_strict,c3,quota_snapshot_medium_c3_001,1,3,18,0.1667,9919,89271.0,auto_finalized
A_strict_c3_9b_mcts,A_strict,c3,release_notes_medium_c3_001,1,4,18,0.2222,12626,113634.0,auto_finalized
A_strict_c3_9b_mcts,A_strict,c3,roster_signature_001,0,9,18,0.5000,42110,378990.0,reviewer_rejected
A_strict_c3_9b_mcts,A_strict,c3,segment_badge_001,0,18,18,1.0000,68302,614718.0,reviewer_rejected
A_strict_c3_9b_mcts,A_strict,c3,ticket_digest_medium_c3_001,1,4,18,0.2222,12629,113661.0,auto_finalized
A_strict_c3_9b_mcts,A_strict,c3,transfer_digest_001,0,18,18,1.0000,142906,1286154.0,reviewer_rejected
A_strict_c3_9b_mcts,A_strict,c3,uptime_rollup_medium_c3_001,1,3,18,0.1667,14662,131958.0,auto_finalized
B_c1_rafe_linear,B,c1,board_rollup_001,1,6,6,1.0000,2003,240360.0,
B_c1_rafe_linear,B,c1,budget_snapshot_001,1,6,6,1.0000,2116,253920.0,
B_c1_rafe_linear,B,c1,contact_card_001,0,60,60,1.0000,2025,243000.0,
B_c1_rafe_linear,B,c1,digest_preview_001,1,10,10,1.0000,2158,258960.0,
B_c1_rafe_linear,B,c1,incident_brief_001,1,10,10,1.0000,2006,240720.0,
B_c1_rafe_linear,B,c1,invoice_footer_001,1,18,18,1.0000,1813,217560.0,
B_c1_rafe_linear,B,c1,label_formatter_001,1,7,7,1.0000,2130,255600.0,
B_c1_rafe_linear,B,c1,median_window_001,1,6,6,1.0000,1836,220320.0,
B_c1_rafe_linear,B,c1,milestone_rollup_001,1,8,8,1.0000,1795,215400.0,
B_c1_rafe_linear,B,c1,nested_app_001,1,8,8,1.0000,2023,242760.0,
B_c1_rafe_linear,B,c1,owner_recap_001,1,12,12,1.0000,2046,245520.0,
B_c1_rafe_linear,B,c1,owner_sort_001,1,6,6,1.0000,1724,206880.0,
B_c1_rafe_linear,B,c1,priority_snapshot_001,1,10,10,1.0000,1884,226080.0,
B_c1_rafe_linear,B,c1,renewal_preview_001,1,16,16,1.0000,2076,249120.0,
B_c1_rafe_linear,B,c1,risk_score_001,1,7,7,1.0000,1712,205440.0,
B_c1_rafe_linear,B,c1,shipment_preview_001,0,60,60,1.0000,2011,241320.0,
B_c1_rafe_linear,B,c1,simple_mean_bug_001,1,7,7,1.0000,1623,194760.0,
B_c1_rafe_linear,B,c1,status_slug_001,1,7,7,1.0000,1738,208560.0,
B_c1_rafe_linear,B,c1,team_digest_001,1,10,10,1.0000,1766,211920.0,
B_c1_rafe_linear,B,c1,workspace_digest_001,1,10,10,1.0000,2242,269040.0,
B_c2_rafe_linear,B,c2,assignee_board_001,0,18,18,1.0000,56898,2086650.0,reviewer_rejected
B_c2_rafe_linear,B,c2,campaign_header_001,0,0,0,,0,0.0,
B_c2_rafe_linear,B,c2,comment_highlight_001,1,4,18,0.2222,9799,388920.0,auto_finalized
B_c2_rafe_linear,B,c2,dispatch_preview_001,0,18,18,1.0000,58772,2110470.0,reviewer_rejected
B_c2_rafe_linear,B,c2,fee_rounding_001,1,3,18,0.1667,6411,277920.0,auto_finalized
B_c2_rafe_linear,B,c2,headline_api_001,1,3,18,0.1667,8414,531780.0,auto_finalized
B_c2_rafe_linear,B,c2,incident_brief_c2_001,0,18,18,1.0000,59716,2067960.0,reviewer_rejected
B_c2_rafe_linear,B,c2,invoice_summary_001,1,3,18,0.1667,7427,316050.0,auto_finalized
B_c2_rafe_linear,B,c2,label_join_001,1,3,18,0.1667,6435,280980.0,auto_finalized
B_c2_rafe_linear,B,c2,partner_brief_001,1,4,18,0.2222,9141,402390.0,auto_finalized
B_c2_rafe_linear,B,c2,profile_preview_001,0,18,18,1.0000,52580,1909230.0,reviewer_rejected
B_c2_rafe_linear,B,c2,queue_digest_001,1,4,18,0.2222,11243,603240.0,auto_finalized
B_c2_rafe_linear,B,c2,ratio_guard_001,1,3,18,0.1667,7552,326280.0,auto_finalized
B_c2_rafe_linear,B,c2,renewal_banner_001,0,18,18,1.0000,47971,1760880.0,reviewer_rejected
B_c2_rafe_linear,B,c2,retry_slot_001,1,3,18,0.1667,6775,292260.0,auto_finalized
B_c2_rafe_linear,B,c2,shipment_digest_001,1,4,18,0.2222,9562,389730.0,auto_finalized
B_c2_rafe_linear,B,c2,sprint_rollup_001,1,3,18,0.1667,6990,304110.0,auto_finalized
B_c2_rafe_linear,B,c2,tag_visibility_001,1,3,18,0.1667,6521,283290.0,auto_finalized
B_c2_rafe_linear,B,c2,timeline_caption_001,0,18,18,1.0000,64304,2287950.0,reviewer_rejected
B_c2_rafe_linear,B,c2,window_center_001,0,0,0,,0,0.0,
B_c3_rafe_linear,B,c3,alert_subject_001,0,18,18,1.0000,45770,1645980.0,reviewer_rejected
B_c3_rafe_linear,B,c3,backlog_health_medium_c3_001,1,4,18,0.2222,9479,385170.0,auto_finalized
B_c3_rafe_linear,B,c3,c3_banner_trim_001,1,3,18,0.1667,6549,280710.0,auto_finalized
B_c3_rafe_linear,B,c3,c3_clamp_floor_001,1,3,18,0.1667,6613,297300.0,auto_finalized
B_c3_rafe_linear,B,c3,c3_csv_count_001,1,3,18,0.1667,6419,275820.0,auto_finalized
B_c3_rafe_linear,B,c3,c3_eta_label_001,1,3,18,0.1667,6454,282630.0,auto_finalized
B_c3_rafe_linear,B,c3,c3_initials_join_001,1,13,18,0.7222,36958,1488630.0,submitted
B_c3_rafe_linear,B,c3,c3_slug_tail_001,1,3,18,0.1667,6592,296670.0,auto_finalized
B_c3_rafe_linear,B,c3,c3_title_case_001,1,7,18,0.3889,16274,573360.0,auto_finalized
B_c3_rafe_linear,B,c3,escalation_caption_001,0,18,18,1.0000,48578,1782960.0,reviewer_rejected
B_c3_rafe_linear,B,c3,invoice_alerts_medium_c3_001,1,4,18,0.2222,9286,371010.0,auto_finalized
B_c3_rafe_linear,B,c3,ledger_preview_001,1,4,18,0.2222,8729,357720.0,auto_finalized
B_c3_rafe_linear,B,c3,oncall_brief_medium_c3_001,1,4,18,0.2222,9789,407790.0,auto_finalized
B_c3_rafe_linear,B,c3,quota_snapshot_medium_c3_001,1,4,18,0.2222,9473,387060.0,auto_finalized
B_c3_rafe_linear,B,c3,release_notes_medium_c3_001,1,4,18,0.2222,9600,390510.0,auto_finalized
B_c3_rafe_linear,B,c3,roster_signature_001,0,18,18,1.0000,55673,2006520.0,reviewer_rejected
B_c3_rafe_linear,B,c3,segment_badge_001,1,5,18,0.2778,10937,441150.0,auto_finalized
B_c3_rafe_linear,B,c3,ticket_digest_medium_c3_001,1,4,18,0.2222,9627,389520.0,auto_finalized
B_c3_rafe_linear,B,c3,transfer_digest_001,0,18,18,1.0000,61908,2317590.0,reviewer_rejected
B_c3_rafe_linear,B,c3,uptime_rollup_medium_c3_001,1,4,18,0.2222,10234,458220.0,auto_finalized
B_strict_c1_rafe_linear,B_strict,c1,board_rollup_001,1,3,18,0.1667,7585,335550.0,auto_finalized
B_strict_c1_rafe_linear,B_strict,c1,budget_snapshot_001,0,18,18,1.0000,57887,2348160.0,reviewer_rejected
B_strict_c1_rafe_linear,B_strict,c1,contact_card_001,0,6,18,0.3333,17174,862260.0,reviewer_rejected
B_strict_c1_rafe_linear,B_strict,c1,digest_preview_001,0,18,18,1.0000,72169,2635860.0,reviewer_rejected
B_strict_c1_rafe_linear,B_strict,c1,incident_brief_001,1,6,18,0.3333,16410,638730.0,auto_finalized
B_strict_c1_rafe_linear,B_strict,c1,invoice_footer_001,1,10,18,0.5556,32279,1118490.0,auto_finalized
B_strict_c1_rafe_linear,B_strict,c1,label_formatter_001,1,6,18,0.3333,15194,592260.0,auto_finalized
B_strict_c1_rafe_linear,B_strict,c1,median_window_001,1,3,18,0.1667,6663,288900.0,auto_finalized
B_strict_c1_rafe_linear,B_strict,c1,milestone_rollup_001,1,4,18,0.2222,9248,374640.0,auto_finalized
B_strict_c1_rafe_linear,B_strict,c1,nested_app_001,1,5,18,0.2778,12643,509070.0,auto_finalized
B_strict_c1_rafe_linear,B_strict,c1,owner_recap_001,1,17,18,0.9444,49277,1619790.0,auto_finalized
B_strict_c1_rafe_linear,B_strict,c1,owner_sort_001,1,3,18,0.1667,6645,283230.0,auto_finalized
B_strict_c1_rafe_linear,B_strict,c1,priority_snapshot_001,1,4,18,0.2222,10114,407820.0,auto_finalized
B_strict_c1_rafe_linear,B_strict,c1,renewal_preview_001,1,4,18,0.2222,10944,599490.0,auto_finalized
B_strict_c1_rafe_linear,B_strict,c1,risk_score_001,1,3,18,0.1667,7067,307770.0,auto_finalized
B_strict_c1_rafe_linear,B_strict,c1,shipment_preview_001,0,18,18,1.0000,50301,1857780.0,reviewer_rejected
B_strict_c1_rafe_linear,B_strict,c1,simple_mean_bug_001,1,3,18,0.1667,7124,300030.0,auto_finalized
B_strict_c1_rafe_linear,B_strict,c1,status_slug_001,1,3,18,0.1667,6612,285210.0,auto_finalized
B_strict_c1_rafe_linear,B_strict,c1,team_digest_001,1,6,18,0.3333,15469,559830.0,auto_finalized
B_strict_c1_rafe_linear,B_strict,c1,workspace_digest_001,1,4,18,0.2222,11546,460410.0,auto_finalized
B_strict_c2_rafe_linear,B_strict,c2,assignee_board_001,0,18,18,1.0000,53046,1974870.0,reviewer_rejected
B_strict_c2_rafe_linear,B_strict,c2,campaign_header_001,0,18,18,1.0000,49335,1795590.0,reviewer_rejected
B_strict_c2_rafe_linear,B_strict,c2,comment_highlight_001,1,4,18,0.2222,9696,384840.0,auto_finalized
B_strict_c2_rafe_linear,B_strict,c2,dispatch_preview_001,0,18,18,1.0000,63288,2272050.0,reviewer_rejected
B_strict_c2_rafe_linear,B_strict,c2,fee_rounding_001,1,3,18,0.1667,6515,280410.0,auto_finalized
B_strict_c2_rafe_linear,B_strict,c2,headline_api_001,1,3,18,0.1667,7823,455730.0,auto_finalized
B_strict_c2_rafe_linear,B_strict,c2,incident_brief_c2_001,1,6,18,0.3333,16825,767550.0,auto_finalized
B_strict_c2_rafe_linear,B_strict,c2,invoice_summary_001,1,3,18,0.1667,7451,319290.0,auto_finalized
B_strict_c2_rafe_linear,B_strict,c2,label_join_001,1,3,18,0.1667,7925,469950.0,auto_finalized
B_strict_c2_rafe_linear,B_strict,c2,partner_brief_001,1,7,18,0.3889,16527,612630.0,auto_finalized
B_strict_c2_rafe_linear,B_strict,c2,profile_preview_001,0,18,18,1.0000,51077,1895820.0,reviewer_rejected
B_strict_c2_rafe_linear,B_strict,c2,queue_digest_001,1,4,18,0.2222,9249,371250.0,auto_finalized
B_strict_c2_rafe_linear,B_strict,c2,ratio_guard_001,1,3,18,0.1667,7479,318330.0,auto_finalized
B_strict_c2_rafe_linear,B_strict,c2,renewal_banner_001,1,4,18,0.2222,9007,379920.0,auto_finalized
B_strict_c2_rafe_linear,B_strict,c2,retry_slot_001,1,3,18,0.1667,7243,355710.0,auto_finalized
B_strict_c2_rafe_linear,B_strict,c2,shipment_digest_001,1,4,18,0.2222,9562,388200.0,auto_finalized
B_strict_c2_rafe_linear,B_strict,c2,sprint_rollup_001,1,3,18,0.1667,7056,302040.0,auto_finalized
B_strict_c2_rafe_linear,B_strict,c2,tag_visibility_001,1,3,18,0.1667,6485,279870.0,auto_finalized
B_strict_c2_rafe_linear,B_strict,c2,timeline_caption_001,1,3,18,0.1667,8477,525930.0,auto_finalized
B_strict_c2_rafe_linear,B_strict,c2,window_center_001,1,3,18,0.1667,6440,273120.0,auto_finalized
B_strict_c3_rafe_linear,B_strict,c3,alert_subject_001,0,18,18,1.0000,53279,1993380.0,reviewer_rejected
B_strict_c3_rafe_linear,B_strict,c3,backlog_health_medium_c3_001,1,4,18,0.2222,9518,385080.0,auto_finalized
B_strict_c3_rafe_linear,B_strict,c3,c3_banner_trim_001,1,3,18,0.1667,6427,274170.0,auto_finalized
B_strict_c3_rafe_linear,B_strict,c3,c3_clamp_floor_001,1,3,18,0.1667,6479,277440.0,auto_finalized
B_strict_c3_rafe_linear,B_strict,c3,c3_csv_count_001,1,3,18,0.1667,6468,278100.0,auto_finalized
B_strict_c3_rafe_linear,B_strict,c3,c3_eta_label_001,1,3,18,0.1667,6385,274620.0,auto_finalized
B_strict_c3_rafe_linear,B_strict,c3,c3_initials_join_001,0,18,18,1.0000,50677,1840800.0,reviewer_rejected
B_strict_c3_rafe_linear,B_strict,c3,c3_slug_tail_001,1,3,18,0.1667,6490,286860.0,auto_finalized
B_strict_c3_rafe_linear,B_strict,c3,c3_title_case_001,1,13,18,0.7222,35112,1272690.0,auto_finalized
B_strict_c3_rafe_linear,B_strict,c3,escalation_caption_001,0,18,18,1.0000,62252,2277150.0,reviewer_rejected
B_strict_c3_rafe_linear,B_strict,c3,invoice_alerts_medium_c3_001,1,4,18,0.2222,9444,379350.0,auto_finalized
B_strict_c3_rafe_linear,B_strict,c3,ledger_preview_001,1,10,18,0.5556,26872,899760.0,auto_finalized
B_strict_c3_rafe_linear,B_strict,c3,oncall_brief_medium_c3_001,1,4,18,0.2222,9752,404430.0,auto_finalized
B_strict_c3_rafe_linear,B_strict,c3,quota_snapshot_medium_c3_001,1,4,18,0.2222,9446,383100.0,auto_finalized
B_strict_c3_rafe_linear,B_strict,c3,release_notes_medium_c3_001,1,4,18,0.2222,9703,398190.0,auto_finalized
B_strict_c3_rafe_linear,B_strict,c3,roster_signature_001,0,18,18,1.0000,67280,2368230.0,reviewer_rejected
B_strict_c3_rafe_linear,B_strict,c3,segment_badge_001,1,5,18,0.2778,10654,411690.0,auto_finalized
B_strict_c3_rafe_linear,B_strict,c3,ticket_digest_medium_c3_001,1,4,18,0.2222,9665,394080.0,auto_finalized
B_strict_c3_rafe_linear,B_strict,c3,transfer_digest_001,0,18,18,1.0000,58235,2137380.0,reviewer_rejected
B_strict_c3_rafe_linear,B_strict,c3,uptime_rollup_medium_c3_001,1,4,18,0.2222,9985,444360.0,auto_finalized
C_c1_mixed_mcts,C,c1,board_rollup_001,1,3,18,0.1667,9904,402240.0,auto_finalized
C_c1_mixed_mcts,C,c1,budget_snapshot_001,1,4,18,0.2222,21178,1083630.0,auto_finalized
C_c1_mixed_mcts,C,c1,contact_card_001,0,15,18,0.8333,139294,4667610.0,reviewer_rejected
C_c1_mixed_mcts,C,c1,digest_preview_001,1,11,18,0.6111,125649,4068540.0,auto_finalized
C_c1_mixed_mcts,C,c1,incident_brief_001,1,4,18,0.2222,22602,801090.0,auto_finalized
C_c1_mixed_mcts,C,c1,invoice_footer_001,1,2,18,0.1111,15394,726150.0,auto_finalized
C_c1_mixed_mcts,C,c1,label_formatter_001,1,5,18,0.2778,41114,1493700.0,auto_finalized
C_c1_mixed_mcts,C,c1,median_window_001,1,3,18,0.1667,8948,360240.0,auto_finalized
C_c1_mixed_mcts,C,c1,milestone_rollup_001,1,4,18,0.2222,11571,446580.0,auto_finalized
C_c1_mixed_mcts,C,c1,nested_app_001,0,11,18,0.6111,97457,3272730.0,reviewer_rejected
C_c1_mixed_mcts,C,c1,owner_recap_001,1,8,18,0.4444,31613,1076730.0,auto_finalized
C_c1_mixed_mcts,C,c1,owner_sort_001,1,3,18,0.1667,8759,346740.0,auto_finalized
C_c1_mixed_mcts,C,c1,priority_snapshot_001,1,4,18,0.2222,20292,715320.0,auto_finalized
C_c1_mixed_mcts,C,c1,renewal_preview_001,1,2,18,0.1111,8812,529770.0,auto_finalized
C_c1_mixed_mcts,C,c1,risk_score_001,1,3,18,0.1667,9040,355980.0,auto_finalized
C_c1_mixed_mcts,C,c1,shipment_preview_001,0,6,18,0.3333,77035,2637210.0,reviewer_rejected
C_c1_mixed_mcts,C,c1,simple_mean_bug_001,1,3,18,0.1667,9255,357300.0,auto_finalized
C_c1_mixed_mcts,C,c1,status_slug_001,1,3,18,0.1667,8510,335580.0,auto_finalized
C_c1_mixed_mcts,C,c1,team_digest_001,1,6,18,0.3333,23502,795600.0,auto_finalized
C_c1_mixed_mcts,C,c1,workspace_digest_001,1,4,18,0.2222,24869,865500.0,auto_finalized
C_c2_mixed_mcts,C,c2,assignee_board_001,0,15,18,0.8333,137125,4443060.0,reviewer_rejected
C_c2_mixed_mcts,C,c2,campaign_header_001,0,10,18,0.5556,148733,4807320.0,reviewer_rejected
C_c2_mixed_mcts,C,c2,comment_highlight_001,1,4,18,0.2222,12269,473280.0,auto_finalized
C_c2_mixed_mcts,C,c2,dispatch_preview_001,0,12,18,0.6667,151401,4889790.0,reviewer_rejected
C_c2_mixed_mcts,C,c2,fee_rounding_001,1,3,18,0.1667,8821,376230.0,auto_finalized
C_c2_mixed_mcts,C,c2,headline_api_001,0,10,18,0.5556,101067,3376440.0,reviewer_rejected
C_c2_mixed_mcts,C,c2,incident_brief_c2_001,1,3,18,0.1667,9621,397170.0,auto_finalized
C_c2_mixed_mcts,C,c2,invoice_summary_001,1,3,18,0.1667,9839,392280.0,auto_finalized
C_c2_mixed_mcts,C,c2,label_join_001,1,3,18,0.1667,8442,340110.0,auto_finalized
C_c2_mixed_mcts,C,c2,partner_brief_001,1,5,18,0.2778,14760,693360.0,auto_finalized
C_c2_mixed_mcts,C,c2,profile_preview_001,0,18,18,1.0000,74451,2713680.0,reviewer_rejected
C_c2_mixed_mcts,C,c2,queue_digest_001,1,3,18,0.1667,13831,549210.0,auto_finalized
C_c2_mixed_mcts,C,c2,ratio_guard_001,1,7,18,0.3889,39961,1431840.0,auto_finalized
C_c2_mixed_mcts,C,c2,renewal_banner_001,1,2,18,0.1111,8263,482160.0,auto_finalized
C_c2_mixed_mcts,C,c2,retry_slot_001,1,5,18,0.2778,38605,1396020.0,auto_finalized
C_c2_mixed_mcts,C,c2,shipment_digest_001,1,4,18,0.2222,11929,459480.0,auto_finalized
C_c2_mixed_mcts,C,c2,sprint_rollup_001,1,3,18,0.1667,9820,439770.0,auto_finalized
C_c2_mixed_mcts,C,c2,tag_visibility_001,1,3,18,0.1667,8631,360000.0,auto_finalized
C_c2_mixed_mcts,C,c2,timeline_caption_001,0,18,18,1.0000,86527,2901270.0,reviewer_rejected
C_c2_mixed_mcts,C,c2,window_center_001,1,3,18,0.1667,8630,346110.0,auto_finalized
C_c3_mixed_mcts,C,c3,alert_subject_001,0,16,18,0.8889,72550,2500050.0,reviewer_rejected
C_c3_mixed_mcts,C,c3,backlog_health_medium_c3_001,1,4,18,0.2222,14044,517620.0,auto_finalized
C_c3_mixed_mcts,C,c3,c3_banner_trim_001,1,3,18,0.1667,8444,334050.0,auto_finalized
C_c3_mixed_mcts,C,c3,c3_clamp_floor_001,1,3,18,0.1667,8592,356670.0,auto_finalized
C_c3_mixed_mcts,C,c3,c3_csv_count_001,1,3,18,0.1667,8380,334650.0,auto_finalized
C_c3_mixed_mcts,C,c3,c3_eta_label_001,1,3,18,0.1667,8470,341220.0,auto_finalized
C_c3_mixed_mcts,C,c3,c3_initials_join_001,0,11,18,0.6111,99162,3482100.0,reviewer_rejected
C_c3_mixed_mcts,C,c3,c3_slug_tail_001,1,3,18,0.1667,8594,349710.0,auto_finalized
C_c3_mixed_mcts,C,c3,c3_title_case_001,1,10,18,0.5556,82300,2554140.0,auto_finalized
C_c3_mixed_mcts,C,c3,escalation_caption_001,0,18,18,1.0000,155238,5037390.0,reviewer_rejected
C_c3_mixed_mcts,C,c3,invoice_alerts_medium_c3_001,1,4,18,0.2222,18553,655950.0,auto_finalized
C_c3_mixed_mcts,C,c3,ledger_preview_001,1,4,18,0.2222,10830,421290.0,auto_finalized
C_c3_mixed_mcts,C,c3,oncall_brief_medium_c3_001,1,4,18,0.2222,19397,696030.0,auto_finalized
C_c3_mixed_mcts,C,c3,quota_snapshot_medium_c3_001,1,4,18,0.2222,11864,458790.0,auto_finalized
C_c3_mixed_mcts,C,c3,release_notes_medium_c3_001,1,4,18,0.2222,11985,462060.0,auto_finalized
C_c3_mixed_mcts,C,c3,roster_signature_001,0,4,18,0.2222,80423,2725530.0,reviewer_rejected
C_c3_mixed_mcts,C,c3,segment_badge_001,1,13,18,0.7222,45166,1455060.0,auto_finalized
C_c3_mixed_mcts,C,c3,ticket_digest_medium_c3_001,1,4,18,0.2222,12064,462630.0,auto_finalized
C_c3_mixed_mcts,C,c3,transfer_digest_001,0,11,18,0.6111,129321,4256910.0,reviewer_rejected
C_c3_mixed_mcts,C,c3,uptime_rollup_medium_c3_001,1,4,18,0.2222,13675,662160.0,auto_finalized
C_strict_c1_mixed_mcts,C_strict,c1,board_rollup_001,1,3,18,0.1667,17250,625770.0,auto_finalized
C_strict_c1_mixed_mcts,C_strict,c1,budget_snapshot_001,1,4,18,0.2222,21015,1067040.0,auto_finalized
C_strict_c1_mixed_mcts,C_strict,c1,contact_card_001,0,5,18,0.2778,29057,1163400.0,reviewer_rejected
C_strict_c1_mixed_mcts,C_strict,c1,digest_preview_001,1,4,18,0.2222,26880,958500.0,auto_finalized
C_strict_c1_mixed_mcts,C_strict,c1,incident_brief_001,1,4,18,0.2222,14274,591570.0,auto_finalized
C_strict_c1_mixed_mcts,C_strict,c1,invoice_footer_001,1,10,18,0.5556,96153,3016800.0,auto_finalized
C_strict_c1_mixed_mcts,C_strict,c1,label_formatter_001,1,3,18,0.1667,9156,369180.0,auto_finalized
C_strict_c1_mixed_mcts,C_strict,c1,median_window_001,1,3,18,0.1667,8948,361410.0,auto_finalized
C_strict_c1_mixed_mcts,C_strict,c1,milestone_rollup_001,1,4,18,0.2222,11559,443340.0,auto_finalized
C_strict_c1_mixed_mcts,C_strict,c1,nested_app_001,1,5,18,0.2778,14826,564120.0,auto_finalized
C_strict_c1_mixed_mcts,C_strict,c1,owner_recap_001,1,7,18,0.3889,34029,1225980.0,auto_finalized
C_strict_c1_mixed_mcts,C_strict,c1,owner_sort_001,1,3,18,0.1667,8753,346380.0,auto_finalized
C_strict_c1_mixed_mcts,C_strict,c1,priority_snapshot_001,1,4,18,0.2222,20495,733560.0,auto_finalized
C_strict_c1_mixed_mcts,C_strict,c1,renewal_preview_001,1,4,18,0.2222,13498,675390.0,auto_finalized
C_strict_c1_mixed_mcts,C_strict,c1,risk_score_001,0,0,0,,0,0.0,
C_strict_c1_mixed_mcts,C_strict,c1,shipment_preview_001,0,6,18,0.3333,57448,2066700.0,reviewer_rejected
C_strict_c1_mixed_mcts,C_strict,c1,simple_mean_bug_001,1,3,18,0.1667,9404,368700.0,auto_finalized
C_strict_c1_mixed_mcts,C_strict,c1,status_slug_001,1,3,18,0.1667,8536,340140.0,auto_finalized
C_strict_c1_mixed_mcts,C_strict,c1,team_digest_001,1,6,18,0.3333,23673,806310.0,auto_finalized
C_strict_c1_mixed_mcts,C_strict,c1,workspace_digest_001,1,4,18,0.2222,14640,558900.0,auto_finalized
C_strict_c2_mixed_mcts,C_strict,c2,assignee_board_001,0,13,18,0.7222,103842,3536190.0,reviewer_rejected
C_strict_c2_mixed_mcts,C_strict,c2,campaign_header_001,0,18,18,1.0000,54510,1962270.0,reviewer_rejected
C_strict_c2_mixed_mcts,C_strict,c2,comment_highlight_001,1,4,18,0.2222,19466,676230.0,auto_finalized
C_strict_c2_mixed_mcts,C_strict,c2,dispatch_preview_001,0,5,18,0.2778,75129,2583630.0,reviewer_rejected
C_strict_c2_mixed_mcts,C_strict,c2,fee_rounding_001,1,3,18,0.1667,8495,343950.0,auto_finalized
C_strict_c2_mixed_mcts,C_strict,c2,headline_api_001,1,10,18,0.5556,132949,4110870.0,auto_finalized
C_strict_c2_mixed_mcts,C_strict,c2,incident_brief_c2_001,0,18,18,1.0000,89443,2950050.0,reviewer_rejected
C_strict_c2_mixed_mcts,C_strict,c2,invoice_summary_001,1,3,18,0.1667,17026,609600.0,auto_finalized
C_strict_c2_mixed_mcts,C_strict,c2,label_join_001,1,3,18,0.1667,8370,336870.0,auto_finalized
C_strict_c2_mixed_mcts,C_strict,c2,partner_brief_001,1,4,18,0.2222,11239,457320.0,auto_finalized
C_strict_c2_mixed_mcts,C_strict,c2,profile_preview_001,1,12,18,0.6667,58709,1982760.0,auto_finalized
C_strict_c2_mixed_mcts,C_strict,c2,queue_digest_001,1,4,18,0.2222,11891,466530.0,auto_finalized
C_strict_c2_mixed_mcts,C_strict,c2,ratio_guard_001,0,18,18,1.0000,119289,4007250.0,reviewer_rejected
C_strict_c2_mixed_mcts,C_strict,c2,renewal_banner_001,1,3,18,0.1667,9332,399390.0,auto_finalized
C_strict_c2_mixed_mcts,C_strict,c2,retry_slot_001,1,5,18,0.2778,32381,1207860.0,auto_finalized
C_strict_c2_mixed_mcts,C_strict,c2,shipment_digest_001,1,4,18,0.2222,11849,452580.0,auto_finalized
C_strict_c2_mixed_mcts,C_strict,c2,sprint_rollup_001,1,3,18,0.1667,9330,381330.0,auto_finalized
C_strict_c2_mixed_mcts,C_strict,c2,tag_visibility_001,1,3,18,0.1667,8520,340560.0,auto_finalized
C_strict_c2_mixed_mcts,C_strict,c2,timeline_caption_001,0,10,18,0.5556,118765,3909000.0,reviewer_rejected
C_strict_c2_mixed_mcts,C_strict,c2,window_center_001,1,3,18,0.1667,8452,333390.0,auto_finalized
C_strict_c3_mixed_mcts,C_strict,c3,alert_subject_001,0,10,18,0.5556,112244,3711390.0,reviewer_rejected
C_strict_c3_mixed_mcts,C_strict,c3,backlog_health_medium_c3_001,1,4,18,0.2222,13431,652860.0,auto_finalized
C_strict_c3_mixed_mcts,C_strict,c3,c3_banner_trim_001,1,3,18,0.1667,8642,344130.0,auto_finalized
C_strict_c3_mixed_mcts,C_strict,c3,c3_clamp_floor_001,1,3,18,0.1667,14615,531960.0,auto_finalized
C_strict_c3_mixed_mcts,C_strict,c3,c3_csv_count_001,1,3,18,0.1667,8379,333810.0,auto_finalized
C_strict_c3_mixed_mcts,C_strict,c3,c3_eta_label_001,1,3,18,0.1667,8396,338460.0,auto_finalized
C_strict_c3_mixed_mcts,C_strict,c3,c3_initials_join_001,0,13,18,0.7222,87170,3041700.0,reviewer_rejected
C_strict_c3_mixed_mcts,C_strict,c3,c3_slug_tail_001,1,3,18,0.1667,8387,343590.0,auto_finalized
C_strict_c3_mixed_mcts,C_strict,c3,c3_title_case_001,1,7,18,0.3889,42577,1364430.0,auto_finalized
C_strict_c3_mixed_mcts,C_strict,c3,escalation_caption_001,1,4,18,0.2222,29052,1195650.0,reviewer_rejected
C_strict_c3_mixed_mcts,C_strict,c3,invoice_alerts_medium_c3_001,1,4,18,0.2222,19169,705390.0,auto_finalized
C_strict_c3_mixed_mcts,C_strict,c3,ledger_preview_001,1,4,18,0.2222,10810,419790.0,auto_finalized
C_strict_c3_mixed_mcts,C_strict,c3,oncall_brief_medium_c3_001,1,5,18,0.2778,22116,776610.0,auto_finalized
C_strict_c3_mixed_mcts,C_strict,c3,quota_snapshot_medium_c3_001,1,4,18,0.2222,18826,658380.0,auto_finalized
C_strict_c3_mixed_mcts,C_strict,c3,release_notes_medium_c3_001,1,4,18,0.2222,12144,472140.0,auto_finalized
C_strict_c3_mixed_mcts,C_strict,c3,roster_signature_001,0,10,18,0.5556,138858,4545090.0,reviewer_rejected
C_strict_c3_mixed_mcts,C_strict,c3,segment_badge_001,1,7,18,0.3889,17551,636060.0,auto_finalized
C_strict_c3_mixed_mcts,C_strict,c3,ticket_digest_medium_c3_001,1,4,18,0.2222,13628,669300.0,auto_finalized
C_strict_c3_mixed_mcts,C_strict,c3,transfer_digest_001,0,10,18,0.5556,135021,4416840.0,reviewer_rejected
C_strict_c3_mixed_mcts,C_strict,c3,uptime_rollup_medium_c3_001,1,4,18,0.2222,12078,475020.0,auto_finalized
D_c1_mixed_value,D,c1,board_rollup_001,1,3,18,0.1667,17005,652620.0,auto_finalized
D_c1_mixed_value,D,c1,budget_snapshot_001,0,13,18,0.7222,109750,4065510.0,reviewer_rejected
D_c1_mixed_value,D,c1,contact_card_001,0,5,18,0.2778,24236,1235310.0,reviewer_rejected
D_c1_mixed_value,D,c1,digest_preview_001,0,15,18,0.8333,145196,5119650.0,reviewer_rejected
D_c1_mixed_value,D,c1,incident_brief_001,1,4,18,0.2222,15417,792360.0,auto_finalized
D_c1_mixed_value,D,c1,invoice_footer_001,0,11,18,0.6111,167478,5737770.0,reviewer_rejected
D_c1_mixed_value,D,c1,label_formatter_001,1,7,18,0.3889,44109,1543350.0,auto_finalized
D_c1_mixed_value,D,c1,median_window_001,1,3,18,0.1667,8991,400770.0,auto_finalized
D_c1_mixed_value,D,c1,milestone_rollup_001,1,4,18,0.2222,11764,500010.0,auto_finalized
D_c1_mixed_value,D,c1,nested_app_001,1,5,18,0.2778,14846,614190.0,auto_finalized
D_c1_mixed_value,D,c1,owner_recap_001,1,8,18,0.4444,30267,1125090.0,auto_finalized
D_c1_mixed_value,D,c1,owner_sort_001,1,3,18,0.1667,15140,577410.0,auto_finalized
D_c1_mixed_value,D,c1,priority_snapshot_001,0,0,0,,0,0.0,
D_c1_mixed_value,D,c1,renewal_preview_001,1,2,18,0.1111,8724,552270.0,auto_finalized
D_c1_mixed_value,D,c1,risk_score_001,1,3,18,0.1667,16199,614790.0,auto_finalized
D_c1_mixed_value,D,c1,shipment_preview_001,0,18,18,1.0000,75303,2807850.0,reviewer_rejected
D_c1_mixed_value,D,c1,simple_mean_bug_001,1,3,18,0.1667,9281,395610.0,auto_finalized
D_c1_mixed_value,D,c1,status_slug_001,1,3,18,0.1667,8541,376710.0,auto_finalized
D_c1_mixed_value,D,c1,team_digest_001,1,6,18,0.3333,23708,889500.0,auto_finalized
D_c1_mixed_value,D,c1,workspace_digest_001,1,5,18,0.2778,17985,716100.0,auto_finalized
D_c2_mixed_value,D,c2,assignee_board_001,0,6,18,0.3333,125740,4427310.0,reviewer_rejected
D_c2_mixed_value,D,c2,campaign_header_001,0,18,18,1.0000,71032,2697330.0,reviewer_rejected
D_c2_mixed_value,D,c2,comment_highlight_001,1,4,18,0.2222,12481,525120.0,auto_finalized
D_c2_mixed_value,D,c2,dispatch_preview_001,0,18,18,1.0000,59344,2432250.0,reviewer_rejected
D_c2_mixed_value,D,c2,fee_rounding_001,1,3,18,0.1667,8827,424050.0,auto_finalized
D_c2_mixed_value,D,c2,headline_api_001,1,2,18,0.1111,8321,513240.0,auto_finalized
D_c2_mixed_value,D,c2,incident_brief_c2_001,1,4,18,0.2222,12242,529230.0,auto_finalized
D_c2_mixed_value,D,c2,invoice_summary_001,1,3,18,0.1667,10031,435390.0,auto_finalized
D_c2_mixed_value,D,c2,label_join_001,1,3,18,0.1667,14503,574500.0,auto_finalized
D_c2_mixed_value,D,c2,partner_brief_001,1,5,18,0.2778,20315,778440.0,auto_finalized
D_c2_mixed_value,D,c2,profile_preview_001,0,18,18,1.0000,77037,2860080.0,reviewer_rejected
D_c2_mixed_value,D,c2,queue_digest_001,1,4,18,0.2222,15569,763800.0,auto_finalized
D_c2_mixed_value,D,c2,ratio_guard_001,1,3,18,0.1667,9835,414600.0,auto_finalized
D_c2_mixed_value,D,c2,renewal_banner_001,0,18,18,1.0000,73575,2716260.0,reviewer_rejected
D_c2_mixed_value,D,c2,retry_slot_001,1,5,18,0.2778,26712,1150020.0,auto_finalized
D_c2_mixed_value,D,c2,shipment_digest_001,1,4,18,0.2222,19364,741150.0,auto_finalized
D_c2_mixed_value,D,c2,sprint_rollup_001,1,3,18,0.1667,9310,412200.0,auto_finalized
D_c2_mixed_value,D,c2,tag_visibility_001,1,3,18,0.1667,8717,378030.0,auto_finalized
D_c2_mixed_value,D,c2,timeline_caption_001,0,18,18,1.0000,127060,4475070.0,reviewer_rejected
D_c2_mixed_value,D,c2,window_center_001,1,3,18,0.1667,8692,386790.0,auto_finalized
E_c1_mixed_hindsight,E,c1,board_rollup_001,1,3,18,0.1667,9904,439710.0,auto_finalized
E_c1_mixed_hindsight,E,c1,budget_snapshot_001,1,11,18,0.6111,122674,4462980.0,reviewer_accepted_finalized
E_c1_mixed_hindsight,E,c1,contact_card_001,0,7,18,0.3889,29131,1422270.0,reviewer_rejected
E_c1_mixed_hindsight,E,c1,digest_preview_001,0,0,0,,0,0.0,
E_c1_mixed_hindsight,E,c1,incident_brief_001,1,4,18,0.2222,15555,799890.0,auto_finalized
E_c1_mixed_hindsight,E,c1,invoice_footer_001,1,12,18,0.6667,98635,3500550.0,auto_finalized
E_c1_mixed_hindsight,E,c1,label_formatter_001,1,3,18,0.1667,9400,433230.0,auto_finalized
E_c1_mixed_hindsight,E,c1,median_window_001,1,3,18,0.1667,9071,404430.0,auto_finalized
E_c1_mixed_hindsight,E,c1,milestone_rollup_001,1,4,18,0.2222,18752,709650.0,auto_finalized
E_c1_mixed_hindsight,E,c1,nested_app_001,1,4,18,0.2222,19161,731250.0,auto_finalized
E_c1_mixed_hindsight,E,c1,owner_recap_001,1,8,18,0.4444,30507,1131780.0,auto_finalized
E_c1_mixed_hindsight,E,c1,owner_sort_001,1,3,18,0.1667,8753,385830.0,auto_finalized
E_c1_mixed_hindsight,E,c1,priority_snapshot_001,1,4,18,0.2222,12863,558930.0,auto_finalized
E_c1_mixed_hindsight,E,c1,renewal_preview_001,1,2,18,0.1111,8688,555690.0,auto_finalized
E_c1_mixed_hindsight,E,c1,risk_score_001,1,3,18,0.1667,9338,408870.0,auto_finalized
E_c1_mixed_hindsight,E,c1,shipment_preview_001,0,12,18,0.6667,138789,4858680.0,reviewer_rejected
E_c1_mixed_hindsight,E,c1,simple_mean_bug_001,1,2,18,0.1111,6494,302640.0,auto_finalized
E_c1_mixed_hindsight,E,c1,status_slug_001,1,3,18,0.1667,8541,376110.0,auto_finalized
E_c1_mixed_hindsight,E,c1,team_digest_001,1,6,18,0.3333,38825,1358550.0,auto_finalized
E_c1_mixed_hindsight,E,c1,workspace_digest_001,1,5,18,0.2778,17985,716550.0,auto_finalized
E_c2_mixed_hindsight,E,c2,assignee_board_001,0,14,18,0.7778,140995,4846860.0,reviewer_rejected
E_c2_mixed_hindsight,E,c2,campaign_header_001,1,2,18,0.1111,14814,705900.0,auto_finalized
E_c2_mixed_hindsight,E,c2,comment_highlight_001,0,0,0,,0,0.0,
E_c2_mixed_hindsight,E,c2,dispatch_preview_001,0,12,18,0.6667,126610,4512480.0,reviewer_rejected
E_c2_mixed_hindsight,E,c2,fee_rounding_001,1,3,18,0.1667,8827,424050.0,auto_finalized
E_c2_mixed_hindsight,E,c2,headline_api_001,0,0,0,,0,0.0,
E_c2_mixed_hindsight,E,c2,incident_brief_c2_001,1,4,18,0.2222,19561,748950.0,auto_finalized
E_c2_mixed_hindsight,E,c2,invoice_summary_001,1,3,18,0.1667,9998,434610.0,auto_finalized
E_c2_mixed_hindsight,E,c2,label_join_001,1,3,18,0.1667,8331,363120.0,auto_finalized
E_c2_mixed_hindsight,E,c2,partner_brief_001,0,0,0,,0,0.0,
E_c2_mixed_hindsight,E,c2,profile_preview_001,0,18,18,1.0000,77708,2844300.0,reviewer_rejected
E_c2_mixed_hindsight,E,c2,queue_digest_001,1,4,18,0.2222,20281,907230.0,auto_finalized
E_c2_mixed_hindsight,E,c2,ratio_guard_001,1,3,18,0.1667,9838,414390.0,auto_finalized
E_c2_mixed_hindsight,E,c2,renewal_banner_001,0,18,18,1.0000,64816,2488500.0,reviewer_rejected
E_c2_mixed_hindsight,E,c2,retry_slot_001,1,3,18,0.1667,17162,822300.0,auto_finalized
E_c2_mixed_hindsight,E,c2,shipment_digest_001,1,4,18,0.2222,12140,524640.0,auto_finalized
E_c2_mixed_hindsight,E,c2,sprint_rollup_001,1,3,18,0.1667,9191,406560.0,auto_finalized
E_c2_mixed_hindsight,E,c2,tag_visibility_001,1,3,18,0.1667,8717,378030.0,auto_finalized
E_c2_mixed_hindsight,E,c2,timeline_caption_001,0,18,18,1.0000,61802,2462580.0,reviewer_rejected
E_c2_mixed_hindsight,E,c2,window_center_001,1,3,18,0.1667,8680,394470.0,auto_finalized
F_c1_9b_120b_planner,F,c1,board_rollup_001,1,4,18,0.2222,13928,255000.0,auto_finalized
F_c1_9b_120b_planner,F,c1,budget_snapshot_001,0,18,18,1.0000,69086,1439955.0,reviewer_rejected
F_c1_9b_120b_planner,F,c1,contact_card_001,0,8,18,0.4444,60284,1000653.0,reviewer_rejected
F_c1_9b_120b_planner,F,c1,digest_preview_001,0,8,18,0.4444,35497,773685.0,reviewer_rejected
F_c1_9b_120b_planner,F,c1,incident_brief_001,1,5,18,0.2778,20096,460695.0,auto_finalized
F_c1_9b_120b_planner,F,c1,invoice_footer_001,1,9,18,0.5000,39692,609198.0,auto_finalized
F_c1_9b_120b_planner,F,c1,label_formatter_001,1,11,18,0.6111,112894,1270791.0,auto_finalized
F_c1_9b_120b_planner,F,c1,median_window_001,1,3,18,0.1667,9543,193668.0,auto_finalized
F_c1_9b_120b_planner,F,c1,milestone_rollup_001,0,5,18,0.2778,17379,553791.0,reviewer_rejected
F_c1_9b_120b_planner,F,c1,nested_app_001,0,6,18,0.3333,20528,549387.0,reviewer_rejected
F_c1_9b_120b_planner,F,c1,owner_recap_001,1,3,18,0.1667,12644,434697.0,auto_finalized
F_c1_9b_120b_planner,F,c1,owner_sort_001,1,4,18,0.2222,12669,217251.0,auto_finalized
F_c1_9b_120b_planner,F,c1,priority_snapshot_001,0,4,18,0.2222,15447,563154.0,reviewer_rejected
F_c1_9b_120b_planner,F,c1,renewal_preview_001,0,0,0,,0,0.0,
F_c1_9b_120b_planner,F,c1,risk_score_001,1,4,18,0.2222,13150,229239.0,auto_finalized
F_c1_9b_120b_planner,F,c1,shipment_preview_001,0,18,18,1.0000,97962,1386375.0,reviewer_rejected
F_c1_9b_120b_planner,F,c1,simple_mean_bug_001,1,3,18,0.1667,17360,255474.0,auto_finalized
F_c1_9b_120b_planner,F,c1,status_slug_001,1,3,18,0.1667,9325,185046.0,auto_finalized
F_c1_9b_120b_planner,F,c1,team_digest_001,1,14,18,0.7778,120383,1200774.0,auto_finalized
F_c1_9b_120b_planner,F,c1,workspace_digest_001,1,6,18,0.3333,24173,360303.0,auto_finalized
F_c2_9b_120b_planner,F,c2,assignee_board_001,0,18,18,1.0000,97124,1290144.0,reviewer_rejected
F_c2_9b_120b_planner,F,c2,campaign_header_001,0,3,18,0.1667,14879,789144.0,reviewer_rejected
F_c2_9b_120b_planner,F,c2,comment_highlight_001,1,5,18,0.2778,17623,286368.0,auto_finalized
F_c2_9b_120b_planner,F,c2,dispatch_preview_001,0,9,18,0.5000,85635,1354908.0,reviewer_rejected
F_c2_9b_120b_planner,F,c2,fee_rounding_001,1,3,18,0.1667,16644,383007.0,auto_finalized
F_c2_9b_120b_planner,F,c2,headline_api_001,0,16,18,0.8889,185641,2299806.0,reviewer_rejected
F_c2_9b_120b_planner,F,c2,incident_brief_c2_001,1,4,18,0.2222,21355,315183.0,auto_finalized
F_c2_9b_120b_planner,F,c2,invoice_summary_001,1,4,18,0.2222,13407,246537.0,auto_finalized
F_c2_9b_120b_planner,F,c2,label_join_001,1,3,18,0.1667,10004,312036.0,auto_finalized
F_c2_9b_120b_planner,F,c2,partner_brief_001,1,8,18,0.4444,25930,509427.0,auto_finalized
F_c2_9b_120b_planner,F,c2,profile_preview_001,0,7,18,0.3889,23016,625392.0,reviewer_rejected
F_c2_9b_120b_planner,F,c2,queue_digest_001,1,5,18,0.2778,16484,400881.0,auto_finalized
F_c2_9b_120b_planner,F,c2,ratio_guard_001,1,3,18,0.1667,10466,195981.0,auto_finalized
F_c2_9b_120b_planner,F,c2,renewal_banner_001,1,2,18,0.1111,9982,507420.0,auto_finalized
F_c2_9b_120b_planner,F,c2,retry_slot_001,1,3,18,0.1667,10627,327189.0,auto_finalized
F_c2_9b_120b_planner,F,c2,shipment_digest_001,1,4,18,0.2222,14289,382458.0,auto_finalized
F_c2_9b_120b_planner,F,c2,sprint_rollup_001,1,3,18,0.1667,10142,217596.0,auto_finalized
F_c2_9b_120b_planner,F,c2,tag_visibility_001,1,4,18,0.2222,12257,212988.0,auto_finalized
F_c2_9b_120b_planner,F,c2,timeline_caption_001,0,18,18,1.0000,92564,1818312.0,reviewer_rejected
F_c2_9b_120b_planner,F,c2,window_center_001,1,3,18,0.1667,9292,195849.0,auto_finalized
F_strict_c1_9b_120b_planner,F_strict,c1,board_rollup_001,1,4,18,0.2222,14018,259029.0,auto_finalized
F_strict_c1_9b_120b_planner,F_strict,c1,budget_snapshot_001,1,3,18,0.1667,23845,902805.0,auto_finalized
F_strict_c1_9b_120b_planner,F_strict,c1,contact_card_001,0,18,18,1.0000,71761,1162332.0,reviewer_rejected
F_strict_c1_9b_120b_planner,F_strict,c1,digest_preview_001,0,8,18,0.4444,39561,914934.0,reviewer_rejected
F_strict_c1_9b_120b_planner,F_strict,c1,incident_brief_001,1,5,18,0.2778,23984,504678.0,auto_finalized
F_strict_c1_9b_120b_planner,F_strict,c1,invoice_footer_001,1,4,18,0.2222,15309,396411.0,auto_finalized
F_strict_c1_9b_120b_planner,F_strict,c1,label_formatter_001,1,7,18,0.3889,48248,790098.0,auto_finalized
F_strict_c1_9b_120b_planner,F_strict,c1,median_window_001,1,3,18,0.1667,11976,220560.0,auto_finalized
F_strict_c1_9b_120b_planner,F_strict,c1,milestone_rollup_001,1,5,18,0.2778,26683,431622.0,auto_finalized
F_strict_c1_9b_120b_planner,F_strict,c1,nested_app_001,0,6,18,0.3333,20834,553917.0,reviewer_rejected
F_strict_c1_9b_120b_planner,F_strict,c1,owner_recap_001,1,9,18,0.5000,32916,599052.0,auto_finalized
F_strict_c1_9b_120b_planner,F_strict,c1,owner_sort_001,1,4,18,0.2222,12676,219756.0,auto_finalized
F_strict_c1_9b_120b_planner,F_strict,c1,priority_snapshot_001,0,4,18,0.2222,14094,399906.0,reviewer_rejected
F_strict_c1_9b_120b_planner,F_strict,c1,renewal_preview_001,1,3,18,0.1667,13143,584709.0,auto_finalized
F_strict_c1_9b_120b_planner,F_strict,c1,risk_score_001,1,4,18,0.2222,22592,322209.0,auto_finalized
F_strict_c1_9b_120b_planner,F_strict,c1,shipment_preview_001,0,16,18,0.8889,79225,1527765.0,reviewer_rejected
F_strict_c1_9b_120b_planner,F_strict,c1,simple_mean_bug_001,1,3,18,0.1667,9952,196350.0,auto_finalized
F_strict_c1_9b_120b_planner,F_strict,c1,status_slug_001,1,3,18,0.1667,9320,183558.0,auto_finalized
F_strict_c1_9b_120b_planner,F_strict,c1,team_digest_001,1,5,18,0.2778,16696,342960.0,auto_finalized
F_strict_c1_9b_120b_planner,F_strict,c1,workspace_digest_001,0,0,0,,0,0.0,
F_strict_c2_9b_120b_planner,F_strict,c2,assignee_board_001,0,18,18,1.0000,89698,1570296.0,reviewer_rejected
F_strict_c2_9b_120b_planner,F_strict,c2,campaign_header_001,0,18,18,1.0000,77079,1273353.0,reviewer_rejected
F_strict_c2_9b_120b_planner,F_strict,c2,comment_highlight_001,1,4,18,0.2222,13432,237549.0,auto_finalized
F_strict_c2_9b_120b_planner,F_strict,c2,dispatch_preview_001,0,5,18,0.2778,17655,518757.0,reviewer_rejected
F_strict_c2_9b_120b_planner,F_strict,c2,fee_rounding_001,1,3,18,0.1667,9165,192819.0,auto_finalized
F_strict_c2_9b_120b_planner,F_strict,c2,headline_api_001,0,18,18,1.0000,153348,1751205.0,reviewer_rejected
F_strict_c2_9b_120b_planner,F_strict,c2,incident_brief_c2_001,1,3,18,0.1667,17973,290517.0,auto_finalized
F_strict_c2_9b_120b_planner,F_strict,c2,invoice_summary_001,1,4,18,0.2222,13697,242154.0,auto_finalized
F_strict_c2_9b_120b_planner,F_strict,c2,label_join_001,1,3,18,0.1667,9039,187800.0,auto_finalized
F_strict_c2_9b_120b_planner,F_strict,c2,partner_brief_001,1,8,18,0.4444,33714,418533.0,auto_finalized
F_strict_c2_9b_120b_planner,F_strict,c2,profile_preview_001,0,7,18,0.3889,23030,638172.0,reviewer_rejected
F_strict_c2_9b_120b_planner,F_strict,c2,queue_digest_001,1,4,18,0.2222,14132,411348.0,auto_finalized
F_strict_c2_9b_120b_planner,F_strict,c2,ratio_guard_001,1,4,18,0.2222,22875,323091.0,auto_finalized
F_strict_c2_9b_120b_planner,F_strict,c2,renewal_banner_001,0,18,18,1.0000,76089,1138902.0,reviewer_rejected
F_strict_c2_9b_120b_planner,F_strict,c2,retry_slot_001,1,3,18,0.1667,10629,330981.0,auto_finalized
F_strict_c2_9b_120b_planner,F_strict,c2,shipment_digest_001,1,4,18,0.2222,14570,400194.0,auto_finalized
F_strict_c2_9b_120b_planner,F_strict,c2,sprint_rollup_001,1,6,18,0.3333,18260,281556.0,auto_finalized
F_strict_c2_9b_120b_planner,F_strict,c2,tag_visibility_001,1,4,18,0.2222,11672,211053.0,auto_finalized
F_strict_c2_9b_120b_planner,F_strict,c2,timeline_caption_001,0,18,18,1.0000,76315,1196103.0,reviewer_rejected
F_strict_c2_9b_120b_planner,F_strict,c2,window_center_001,1,3,18,0.1667,9171,182550.0,auto_finalized
F_strict_c3_9b_120b_planner,F_strict,c3,alert_subject_001,0,18,18,1.0000,73513,1175325.0,reviewer_rejected
F_strict_c3_9b_120b_planner,F_strict,c3,backlog_health_medium_c3_001,1,3,18,0.1667,10133,210522.0,auto_finalized
F_strict_c3_9b_120b_planner,F_strict,c3,c3_banner_trim_001,1,3,18,0.1667,9123,184338.0,auto_finalized
F_strict_c3_9b_120b_planner,F_strict,c3,c3_clamp_floor_001,1,3,18,0.1667,9331,201861.0,auto_finalized
F_strict_c3_9b_120b_planner,F_strict,c3,c3_csv_count_001,1,3,18,0.1667,9027,182919.0,auto_finalized
F_strict_c3_9b_120b_planner,F_strict,c3,c3_eta_label_001,1,3,18,0.1667,15643,247125.0,auto_finalized
F_strict_c3_9b_120b_planner,F_strict,c3,c3_initials_join_001,1,9,18,0.5000,37679,877350.0,reviewer_rejected
F_strict_c3_9b_120b_planner,F_strict,c3,c3_slug_tail_001,1,3,18,0.1667,9123,198546.0,auto_finalized
F_strict_c3_9b_120b_planner,F_strict,c3,c3_title_case_001,0,11,18,0.6111,48991,1007685.0,reviewer_rejected
F_strict_c3_9b_120b_planner,F_strict,c3,escalation_caption_001,1,10,18,0.5556,41128,908724.0,reviewer_rejected
F_strict_c3_9b_120b_planner,F_strict,c3,invoice_alerts_medium_c3_001,1,3,18,0.1667,11284,360630.0,auto_finalized
F_strict_c3_9b_120b_planner,F_strict,c3,ledger_preview_001,1,4,18,0.2222,12175,227901.0,auto_finalized
F_strict_c3_9b_120b_planner,F_strict,c3,oncall_brief_medium_c3_001,1,4,18,0.2222,14701,397044.0,auto_finalized
F_strict_c3_9b_120b_planner,F_strict,c3,quota_snapshot_medium_c3_001,1,5,18,0.2778,15370,253770.0,auto_finalized
F_strict_c3_9b_120b_planner,F_strict,c3,release_notes_medium_c3_001,1,4,18,0.2222,16343,439794.0,auto_finalized
F_strict_c3_9b_120b_planner,F_strict,c3,roster_signature_001,1,10,18,0.5556,49246,988113.0,reviewer_rejected
F_strict_c3_9b_120b_planner,F_strict,c3,segment_badge_001,1,13,18,0.7222,53768,602349.0,auto_finalized
F_strict_c3_9b_120b_planner,F_strict,c3,ticket_digest_medium_c3_001,1,5,18,0.2778,16815,410853.0,auto_finalized
F_strict_c3_9b_120b_planner,F_strict,c3,transfer_digest_001,0,18,18,1.0000,222162,2814753.0,reviewer_rejected
F_strict_c3_9b_120b_planner,F_strict,c3,uptime_rollup_medium_c3_001,1,7,18,0.3889,23483,464094.0,auto_finalized
G_c1_9b_hindsight,G,c1,board_rollup_001,1,4,18,0.2222,13294,119646.0,auto_finalized
G_c1_9b_hindsight,G,c1,budget_snapshot_001,0,18,18,1.0000,75559,680031.0,reviewer_rejected
G_c1_9b_hindsight,G,c1,contact_card_001,1,6,18,0.3333,25814,232326.0,auto_finalized
G_c1_9b_hindsight,G,c1,digest_preview_001,0,18,18,1.0000,96820,871380.0,reviewer_rejected
G_c1_9b_hindsight,G,c1,incident_brief_001,1,6,18,0.3333,21845,196605.0,auto_finalized
G_c1_9b_hindsight,G,c1,invoice_footer_001,1,10,18,0.5556,47066,423594.0,auto_finalized
G_c1_9b_hindsight,G,c1,label_formatter_001,1,4,18,0.2222,20467,184203.0,auto_finalized
G_c1_9b_hindsight,G,c1,median_window_001,1,3,18,0.1667,9233,83097.0,auto_finalized
G_c1_9b_hindsight,G,c1,milestone_rollup_001,0,0,0,,0,0.0,
G_c1_9b_hindsight,G,c1,nested_app_001,1,5,18,0.2778,27262,245358.0,auto_finalized
G_c1_9b_hindsight,G,c1,owner_recap_001,1,9,18,0.5000,37085,333765.0,auto_finalized
G_c1_9b_hindsight,G,c1,owner_sort_001,1,3,18,0.1667,14178,127602.0,auto_finalized
G_c1_9b_hindsight,G,c1,priority_snapshot_001,0,6,18,0.3333,19526,175734.0,reviewer_rejected
G_c1_9b_hindsight,G,c1,renewal_preview_001,1,6,18,0.3333,24989,224901.0,auto_finalized
G_c1_9b_hindsight,G,c1,risk_score_001,1,3,18,0.1667,9610,86490.0,auto_finalized
G_c1_9b_hindsight,G,c1,shipment_preview_001,0,18,18,1.0000,69796,628164.0,reviewer_rejected
G_c1_9b_hindsight,G,c1,simple_mean_bug_001,1,3,18,0.1667,9698,87282.0,auto_finalized
G_c1_9b_hindsight,G,c1,status_slug_001,1,3,18,0.1667,9013,81117.0,auto_finalized
G_c1_9b_hindsight,G,c1,team_digest_001,1,4,18,0.2222,21944,197496.0,auto_finalized
G_c1_9b_hindsight,G,c1,workspace_digest_001,1,6,18,0.3333,23890,215010.0,auto_finalized
G_c2_9b_hindsight,G,c2,assignee_board_001,0,18,18,1.0000,69405,624645.0,reviewer_rejected
G_c2_9b_hindsight,G,c2,campaign_header_001,1,17,18,0.9444,87875,790875.0,auto_finalized
G_c2_9b_hindsight,G,c2,comment_highlight_001,1,4,18,0.2222,13150,118350.0,auto_finalized
G_c2_9b_hindsight,G,c2,dispatch_preview_001,0,4,18,0.2222,14124,127116.0,reviewer_rejected
G_c2_9b_hindsight,G,c2,fee_rounding_001,1,4,18,0.2222,11261,101349.0,auto_finalized
G_c2_9b_hindsight,G,c2,headline_api_001,0,12,18,0.6667,148056,1332504.0,reviewer_rejected
G_c2_9b_hindsight,G,c2,incident_brief_c2_001,1,3,18,0.1667,10155,91395.0,auto_finalized
G_c2_9b_hindsight,G,c2,invoice_summary_001,1,4,18,0.2222,13260,119340.0,auto_finalized
G_c2_9b_hindsight,G,c2,label_join_001,1,4,18,0.2222,10893,98037.0,auto_finalized
G_c2_9b_hindsight,G,c2,partner_brief_001,1,8,18,0.4444,24122,217098.0,auto_finalized
G_c2_9b_hindsight,G,c2,profile_preview_001,1,3,18,0.1667,18189,163701.0,auto_finalized
G_c2_9b_hindsight,G,c2,queue_digest_001,1,3,18,0.1667,9670,87030.0,auto_finalized
G_c2_9b_hindsight,G,c2,ratio_guard_001,1,4,18,0.2222,22425,201825.0,auto_finalized
G_c2_9b_hindsight,G,c2,renewal_banner_001,1,5,18,0.2778,14531,130779.0,auto_finalized
G_c2_9b_hindsight,G,c2,retry_slot_001,1,3,18,0.1667,9223,83007.0,auto_finalized
G_c2_9b_hindsight,G,c2,shipment_digest_001,1,4,18,0.2222,12694,114246.0,auto_finalized
G_c2_9b_hindsight,G,c2,sprint_rollup_001,1,6,18,0.3333,17792,160128.0,auto_finalized
G_c2_9b_hindsight,G,c2,tag_visibility_001,1,4,18,0.2222,11244,101196.0,auto_finalized
G_c2_9b_hindsight,G,c2,timeline_caption_001,0,18,18,1.0000,70487,634383.0,reviewer_rejected
G_c2_9b_hindsight,G,c2,window_center_001,1,3,18,0.1667,8797,79173.0,auto_finalized
G_strict_c1_9b_hindsight,G_strict,c1,board_rollup_001,1,4,18,0.2222,13289,119601.0,auto_finalized
G_strict_c1_9b_hindsight,G_strict,c1,budget_snapshot_001,0,18,18,1.0000,111491,1003419.0,reviewer_rejected
G_strict_c1_9b_hindsight,G_strict,c1,contact_card_001,0,18,18,1.0000,102139,919251.0,reviewer_rejected
G_strict_c1_9b_hindsight,G_strict,c1,digest_preview_001,0,16,18,0.8889,100599,905391.0,reviewer_rejected
G_strict_c1_9b_hindsight,G_strict,c1,incident_brief_001,1,6,18,0.3333,21668,195012.0,auto_finalized
G_strict_c1_9b_hindsight,G_strict,c1,invoice_footer_001,1,3,18,0.1667,20287,182583.0,auto_finalized
G_strict_c1_9b_hindsight,G_strict,c1,label_formatter_001,1,5,18,0.2778,27800,250200.0,auto_finalized
G_strict_c1_9b_hindsight,G_strict,c1,median_window_001,1,3,18,0.1667,16201,145809.0,auto_finalized
G_strict_c1_9b_hindsight,G_strict,c1,milestone_rollup_001,1,4,18,0.2222,22311,200799.0,auto_finalized
G_strict_c1_9b_hindsight,G_strict,c1,nested_app_001,1,13,18,0.7222,167437,1506933.0,auto_finalized
G_strict_c1_9b_hindsight,G_strict,c1,owner_recap_001,1,9,18,0.5000,37318,335862.0,auto_finalized
G_strict_c1_9b_hindsight,G_strict,c1,owner_sort_001,1,3,18,0.1667,11833,106497.0,auto_finalized
G_strict_c1_9b_hindsight,G_strict,c1,priority_snapshot_001,0,6,18,0.3333,19679,177111.0,reviewer_rejected
G_strict_c1_9b_hindsight,G_strict,c1,renewal_preview_001,1,7,18,0.3889,44925,404325.0,auto_finalized
G_strict_c1_9b_hindsight,G_strict,c1,risk_score_001,1,3,18,0.1667,9610,86490.0,auto_finalized
G_strict_c1_9b_hindsight,G_strict,c1,shipment_preview_001,0,18,18,1.0000,97797,880173.0,reviewer_rejected
G_strict_c1_9b_hindsight,G_strict,c1,simple_mean_bug_001,1,3,18,0.1667,9698,87282.0,auto_finalized
G_strict_c1_9b_hindsight,G_strict,c1,status_slug_001,1,3,18,0.1667,9013,81117.0,auto_finalized
G_strict_c1_9b_hindsight,G_strict,c1,team_digest_001,0,0,0,,0,0.0,
G_strict_c1_9b_hindsight,G_strict,c1,workspace_digest_001,0,0,0,,0,0.0,
G_strict_c2_9b_hindsight,G_strict,c2,assignee_board_001,0,18,18,1.0000,68122,613098.0,reviewer_rejected
G_strict_c2_9b_hindsight,G_strict,c2,campaign_header_001,0,18,18,1.0000,74773,672957.0,reviewer_rejected
G_strict_c2_9b_hindsight,G_strict,c2,comment_highlight_001,1,4,18,0.2222,13150,118350.0,auto_finalized
G_strict_c2_9b_hindsight,G_strict,c2,dispatch_preview_001,0,17,18,0.9444,157258,1415322.0,reviewer_rejected
G_strict_c2_9b_hindsight,G_strict,c2,fee_rounding_001,1,4,18,0.2222,11261,101349.0,auto_finalized
G_strict_c2_9b_hindsight,G_strict,c2,headline_api_001,0,9,18,0.5000,33750,303750.0,reviewer_rejected
G_strict_c2_9b_hindsight,G_strict,c2,incident_brief_c2_001,1,3,18,0.1667,12709,114381.0,auto_finalized
G_strict_c2_9b_hindsight,G_strict,c2,invoice_summary_001,1,4,18,0.2222,13261,119349.0,auto_finalized
G_strict_c2_9b_hindsight,G_strict,c2,label_join_001,1,4,18,0.2222,10888,97992.0,auto_finalized
G_strict_c2_9b_hindsight,G_strict,c2,partner_brief_001,1,8,18,0.4444,24125,217125.0,auto_finalized
G_strict_c2_9b_hindsight,G_strict,c2,profile_preview_001,0,8,18,0.4444,24430,219870.0,reviewer_rejected
G_strict_c2_9b_hindsight,G_strict,c2,queue_digest_001,1,3,18,0.1667,9670,87030.0,auto_finalized
G_strict_c2_9b_hindsight,G_strict,c2,ratio_guard_001,1,4,18,0.2222,22471,202239.0,auto_finalized
G_strict_c2_9b_hindsight,G_strict,c2,renewal_banner_001,1,5,18,0.2778,19385,174465.0,auto_finalized
G_strict_c2_9b_hindsight,G_strict,c2,retry_slot_001,1,3,18,0.1667,9218,82962.0,auto_finalized
G_strict_c2_9b_hindsight,G_strict,c2,shipment_digest_001,1,4,18,0.2222,12751,114759.0,auto_finalized
G_strict_c2_9b_hindsight,G_strict,c2,sprint_rollup_001,1,6,18,0.3333,17792,160128.0,auto_finalized
G_strict_c2_9b_hindsight,G_strict,c2,tag_visibility_001,1,4,18,0.2222,11244,101196.0,auto_finalized
G_strict_c2_9b_hindsight,G_strict,c2,timeline_caption_001,0,18,18,1.0000,73627,662643.0,reviewer_rejected
G_strict_c2_9b_hindsight,G_strict,c2,window_center_001,1,3,18,0.1667,10984,98856.0,auto_finalized
G_strict_c3_9b_hindsight,G_strict,c3,alert_subject_001,0,10,18,0.5556,36072,324648.0,reviewer_rejected
G_strict_c3_9b_hindsight,G_strict,c3,backlog_health_medium_c3_001,1,3,18,0.1667,9870,88830.0,auto_finalized
G_strict_c3_9b_hindsight,G_strict,c3,c3_banner_trim_001,1,3,18,0.1667,8767,78903.0,auto_finalized
G_strict_c3_9b_hindsight,G_strict,c3,c3_clamp_floor_001,1,3,18,0.1667,8832,79488.0,auto_finalized
G_strict_c3_9b_hindsight,G_strict,c3,c3_csv_count_001,1,3,18,0.1667,8752,78768.0,auto_finalized
G_strict_c3_9b_hindsight,G_strict,c3,c3_eta_label_001,1,3,18,0.1667,8868,79812.0,auto_finalized
G_strict_c3_9b_hindsight,G_strict,c3,c3_initials_join_001,0,17,18,0.9444,154836,1393524.0,reviewer_rejected
G_strict_c3_9b_hindsight,G_strict,c3,c3_slug_tail_001,1,3,18,0.1667,8738,78642.0,auto_finalized
G_strict_c3_9b_hindsight,G_strict,c3,c3_title_case_001,1,4,18,0.2222,19184,172656.0,auto_finalized
G_strict_c3_9b_hindsight,G_strict,c3,escalation_caption_001,0,14,18,0.7778,93884,844956.0,reviewer_rejected
G_strict_c3_9b_hindsight,G_strict,c3,invoice_alerts_medium_c3_001,1,3,18,0.1667,9900,89100.0,auto_finalized
G_strict_c3_9b_hindsight,G_strict,c3,ledger_preview_001,0,18,18,1.0000,64687,582183.0,reviewer_rejected
G_strict_c3_9b_hindsight,G_strict,c3,oncall_brief_medium_c3_001,1,3,18,0.1667,9834,88506.0,auto_finalized
G_strict_c3_9b_hindsight,G_strict,c3,quota_snapshot_medium_c3_001,1,3,18,0.1667,9925,89325.0,auto_finalized
G_strict_c3_9b_hindsight,G_strict,c3,release_notes_medium_c3_001,1,4,18,0.2222,12626,113634.0,auto_finalized
G_strict_c3_9b_hindsight,G_strict,c3,roster_signature_001,0,18,18,1.0000,74793,673137.0,reviewer_rejected
G_strict_c3_9b_hindsight,G_strict,c3,segment_badge_001,1,18,18,1.0000,84317,758853.0,reviewer_accepted_finalized
G_strict_c3_9b_hindsight,G_strict,c3,ticket_digest_medium_c3_001,1,4,18,0.2222,12629,113661.0,auto_finalized
G_strict_c3_9b_hindsight,G_strict,c3,transfer_digest_001,0,18,18,1.0000,174830,1573470.0,reviewer_rejected
G_strict_c3_9b_hindsight,G_strict,c3,uptime_rollup_medium_c3_001,1,4,18,0.2222,12693,114237.0,auto_finalized
H_c1_9b_selfeval,H,c1,board_rollup_001,1,4,18,0.2222,13294,135279.0,auto_finalized
H_c1_9b_selfeval,H,c1,budget_snapshot_001,0,17,18,0.9444,133157,1315521.0,reviewer_rejected
H_c1_9b_selfeval,H,c1,contact_card_001,0,18,18,1.0000,68805,686160.0,reviewer_rejected
H_c1_9b_selfeval,H,c1,digest_preview_001,0,4,18,0.2222,18217,178506.0,reviewer_rejected
H_c1_9b_selfeval,H,c1,incident_brief_001,1,6,18,0.3333,20958,211347.0,auto_finalized
H_c1_9b_selfeval,H,c1,invoice_footer_001,1,3,18,0.1667,18954,183348.0,auto_finalized
H_c1_9b_selfeval,H,c1,label_formatter_001,1,6,18,0.3333,50509,486414.0,auto_finalized
H_c1_9b_selfeval,H,c1,median_window_001,1,3,18,0.1667,16325,158895.0,auto_finalized
H_c1_9b_selfeval,H,c1,milestone_rollup_001,0,4,18,0.2222,12669,128475.0,reviewer_rejected
H_c1_9b_selfeval,H,c1,nested_app_001,1,6,18,0.3333,28150,275940.0,auto_finalized
H_c1_9b_selfeval,H,c1,owner_recap_001,0,18,18,1.0000,70731,721206.0,reviewer_rejected
H_c1_9b_selfeval,H,c1,owner_sort_001,1,3,18,0.1667,9483,97317.0,auto_finalized
H_c1_9b_selfeval,H,c1,priority_snapshot_001,1,5,18,0.2778,15693,160065.0,auto_finalized
H_c1_9b_selfeval,H,c1,renewal_preview_001,1,6,18,0.3333,24850,252396.0,auto_finalized
H_c1_9b_selfeval,H,c1,risk_score_001,1,3,18,0.1667,9610,98730.0,auto_finalized
H_c1_9b_selfeval,H,c1,shipment_preview_001,0,18,18,1.0000,72400,728883.0,reviewer_rejected
H_c1_9b_selfeval,H,c1,simple_mean_bug_001,1,3,18,0.1667,9698,99144.0,auto_finalized
H_c1_9b_selfeval,H,c1,status_slug_001,1,3,18,0.1667,9013,93294.0,auto_finalized
H_c1_9b_selfeval,H,c1,team_digest_001,1,8,18,0.4444,67962,648459.0,auto_finalized
H_c1_9b_selfeval,H,c1,workspace_digest_001,1,6,18,0.3333,23890,238257.0,auto_finalized
H_c2_9b_selfeval,H,c2,assignee_board_001,0,18,18,1.0000,74613,748395.0,reviewer_rejected
H_c2_9b_selfeval,H,c2,campaign_header_001,0,18,18,1.0000,79502,795375.0,reviewer_rejected
H_c2_9b_selfeval,H,c2,comment_highlight_001,1,4,18,0.2222,13231,134064.0,auto_finalized
H_c2_9b_selfeval,H,c2,dispatch_preview_001,0,18,18,1.0000,69259,702288.0,reviewer_rejected
H_c2_9b_selfeval,H,c2,fee_rounding_001,1,4,18,0.2222,11370,117000.0,auto_finalized
H_c2_9b_selfeval,H,c2,headline_api_001,0,6,18,0.3333,114624,1121895.0,reviewer_rejected
H_c2_9b_selfeval,H,c2,incident_brief_c2_001,1,3,18,0.1667,10002,102231.0,auto_finalized
H_c2_9b_selfeval,H,c2,invoice_summary_001,1,4,18,0.2222,13287,134316.0,auto_finalized
H_c2_9b_selfeval,H,c2,label_join_001,1,5,18,0.2778,13436,136584.0,auto_finalized
H_c2_9b_selfeval,H,c2,partner_brief_001,1,6,18,0.3333,18021,184185.0,auto_finalized
H_c2_9b_selfeval,H,c2,profile_preview_001,0,18,18,1.0000,87505,862452.0,reviewer_rejected
H_c2_9b_selfeval,H,c2,queue_digest_001,1,3,18,0.1667,9670,98856.0,auto_finalized
H_c2_9b_selfeval,H,c2,ratio_guard_001,1,4,18,0.2222,13254,134694.0,auto_finalized
H_c2_9b_selfeval,H,c2,renewal_banner_001,1,7,18,0.3889,28490,280017.0,auto_finalized
H_c2_9b_selfeval,H,c2,retry_slot_001,1,4,18,0.2222,11775,121131.0,auto_finalized
H_c2_9b_selfeval,H,c2,shipment_digest_001,1,4,18,0.2222,12718,130194.0,auto_finalized
H_c2_9b_selfeval,H,c2,sprint_rollup_001,1,6,18,0.3333,17792,182295.0,auto_finalized
H_c2_9b_selfeval,H,c2,tag_visibility_001,1,4,18,0.2222,11244,115371.0,auto_finalized
H_c2_9b_selfeval,H,c2,timeline_caption_001,0,18,18,1.0000,77205,751284.0,reviewer_rejected
H_c2_9b_selfeval,H,c2,window_center_001,1,3,18,0.1667,8796,90630.0,auto_finalized
I_c1_sweSearch_9b,I,c1,board_rollup_001,1,4,18,0.2222,13294,135279.0,auto_finalized
I_c1_sweSearch_9b,I,c1,budget_snapshot_001,0,18,18,1.0000,97964,971163.0,reviewer_rejected
I_c1_sweSearch_9b,I,c1,contact_card_001,0,18,18,1.0000,93033,895473.0,reviewer_rejected
I_c1_sweSearch_9b,I,c1,digest_preview_001,0,18,18,1.0000,137493,1315746.0,reviewer_rejected
I_c1_sweSearch_9b,I,c1,incident_brief_001,1,6,18,0.3333,21271,214164.0,auto_finalized
I_c1_sweSearch_9b,I,c1,invoice_footer_001,1,10,18,0.5556,71855,699012.0,auto_finalized
I_c1_sweSearch_9b,I,c1,label_formatter_001,1,4,18,0.2222,20355,198126.0,auto_finalized
I_c1_sweSearch_9b,I,c1,median_window_001,1,3,18,0.1667,16183,157617.0,auto_finalized
I_c1_sweSearch_9b,I,c1,milestone_rollup_001,1,4,18,0.2222,22287,216414.0,auto_finalized
I_c1_sweSearch_9b,I,c1,nested_app_001,1,6,18,0.3333,26011,256446.0,auto_finalized
I_c1_sweSearch_9b,I,c1,owner_recap_001,1,9,18,0.5000,56313,542052.0,auto_finalized
I_c1_sweSearch_9b,I,c1,owner_sort_001,1,3,18,0.1667,11833,118467.0,auto_finalized
I_c1_sweSearch_9b,I,c1,priority_snapshot_001,0,6,18,0.3333,19526,196029.0,reviewer_rejected
I_c1_sweSearch_9b,I,c1,renewal_preview_001,1,6,18,0.3333,24914,252972.0,auto_finalized
I_c1_sweSearch_9b,I,c1,risk_score_001,1,3,18,0.1667,9610,98730.0,auto_finalized
I_c1_sweSearch_9b,I,c1,shipment_preview_001,0,18,18,1.0000,76852,766746.0,reviewer_rejected
I_c1_sweSearch_9b,I,c1,simple_mean_bug_001,1,3,18,0.1667,9699,99153.0,auto_finalized
I_c1_sweSearch_9b,I,c1,status_slug_001,1,3,18,0.1667,9013,93294.0,auto_finalized
I_c1_sweSearch_9b,I,c1,team_digest_001,1,16,18,0.8889,115628,1118376.0,auto_finalized
I_c1_sweSearch_9b,I,c1,workspace_digest_001,1,6,18,0.3333,23890,238257.0,auto_finalized
I_c2_sweSearch_9b,I,c2,assignee_board_001,0,18,18,1.0000,81352,806499.0,reviewer_rejected
I_c2_sweSearch_9b,I,c2,campaign_header_001,0,3,18,0.1667,11936,117333.0,reviewer_rejected
I_c2_sweSearch_9b,I,c2,comment_highlight_001,1,4,18,0.2222,13203,133812.0,auto_finalized
I_c2_sweSearch_9b,I,c2,dispatch_preview_001,0,4,18,0.2222,14158,141120.0,reviewer_rejected
I_c2_sweSearch_9b,I,c2,fee_rounding_001,1,4,18,0.2222,11261,116019.0,auto_finalized
I_c2_sweSearch_9b,I,c2,headline_api_001,0,18,18,1.0000,115295,1117278.0,reviewer_rejected
I_c2_sweSearch_9b,I,c2,incident_brief_c2_001,1,3,18,0.1667,10158,103635.0,auto_finalized
I_c2_sweSearch_9b,I,c2,invoice_summary_001,1,4,18,0.2222,13260,134073.0,auto_finalized
I_c2_sweSearch_9b,I,c2,label_join_001,1,4,18,0.2222,10901,111510.0,auto_finalized
I_c2_sweSearch_9b,I,c2,partner_brief_001,1,6,18,0.3333,18014,184122.0,auto_finalized
I_c2_sweSearch_9b,I,c2,profile_preview_001,0,8,18,0.4444,24386,245961.0,reviewer_rejected
I_c2_sweSearch_9b,I,c2,queue_digest_001,1,3,18,0.1667,9670,98856.0,auto_finalized
I_c2_sweSearch_9b,I,c2,ratio_guard_001,1,4,18,0.2222,19312,189216.0,auto_finalized
I_c2_sweSearch_9b,I,c2,renewal_banner_001,1,5,18,0.2778,19385,191511.0,auto_finalized
I_c2_sweSearch_9b,I,c2,retry_slot_001,1,3,18,0.1667,9218,94554.0,auto_finalized
I_c2_sweSearch_9b,I,c2,shipment_digest_001,1,4,18,0.2222,12694,129978.0,auto_finalized
I_c2_sweSearch_9b,I,c2,sprint_rollup_001,1,6,18,0.3333,17792,182295.0,auto_finalized
I_c2_sweSearch_9b,I,c2,tag_visibility_001,1,4,18,0.2222,11244,115371.0,auto_finalized
I_c2_sweSearch_9b,I,c2,timeline_caption_001,0,18,18,1.0000,67849,667080.0,reviewer_rejected
I_c2_sweSearch_9b,I,c2,window_center_001,1,3,18,0.1667,8796,90630.0,auto_finalized
J_c1_30b_sweSearch,J,c1,board_rollup_001,1,3,18,0.1667,9601,325380.0,auto_finalized
J_c1_30b_sweSearch,J,c1,budget_snapshot_001,0,18,18,1.0000,134482,4362000.0,reviewer_rejected
J_c1_30b_sweSearch,J,c1,contact_card_001,0,18,18,1.0000,127874,4068150.0,reviewer_rejected
J_c1_30b_sweSearch,J,c1,digest_preview_001,0,18,18,1.0000,160634,5148720.0,reviewer_rejected
J_c1_30b_sweSearch,J,c1,incident_brief_001,1,5,18,0.2778,24665,800760.0,auto_finalized
J_c1_30b_sweSearch,J,c1,invoice_footer_001,1,11,18,0.6111,53915,1777560.0,auto_finalized
J_c1_30b_sweSearch,J,c1,label_formatter_001,1,10,18,0.5556,59858,1936710.0,auto_finalized
J_c1_30b_sweSearch,J,c1,median_window_001,1,3,18,0.1667,8386,288510.0,auto_finalized
J_c1_30b_sweSearch,J,c1,milestone_rollup_001,1,4,18,0.2222,11360,389070.0,auto_finalized
J_c1_30b_sweSearch,J,c1,nested_app_001,1,4,18,0.2222,18565,604350.0,auto_finalized
J_c1_30b_sweSearch,J,c1,owner_recap_001,1,7,18,0.3889,27389,912480.0,auto_finalized
J_c1_30b_sweSearch,J,c1,owner_sort_001,1,3,18,0.1667,8533,292980.0,auto_finalized
J_c1_30b_sweSearch,J,c1,priority_snapshot_001,1,5,18,0.2778,15115,512700.0,auto_finalized
J_c1_30b_sweSearch,J,c1,renewal_preview_001,0,18,18,1.0000,96303,3167880.0,reviewer_rejected
J_c1_30b_sweSearch,J,c1,risk_score_001,1,3,18,0.1667,15820,513420.0,auto_finalized
J_c1_30b_sweSearch,J,c1,shipment_preview_001,0,18,18,1.0000,72047,2361960.0,reviewer_rejected
J_c1_30b_sweSearch,J,c1,simple_mean_bug_001,1,3,18,0.1667,8919,304260.0,auto_finalized
J_c1_30b_sweSearch,J,c1,status_slug_001,1,3,18,0.1667,8285,285630.0,auto_finalized
J_c1_30b_sweSearch,J,c1,team_digest_001,1,6,18,0.3333,23477,788370.0,auto_finalized
J_c1_30b_sweSearch,J,c1,workspace_digest_001,1,5,18,0.2778,27037,873750.0,auto_finalized
J_c2_30b_sweSearch,J,c2,assignee_board_001,0,16,18,0.8889,83429,2762850.0,reviewer_rejected
J_c2_30b_sweSearch,J,c2,campaign_header_001,1,6,18,0.3333,29706,988320.0,auto_finalized
J_c2_30b_sweSearch,J,c2,comment_highlight_001,1,4,18,0.2222,11883,403410.0,auto_finalized
J_c2_30b_sweSearch,J,c2,dispatch_preview_001,0,10,18,0.5556,150689,4848540.0,reviewer_rejected
J_c2_30b_sweSearch,J,c2,fee_rounding_001,1,3,18,0.1667,14171,459270.0,auto_finalized
J_c2_30b_sweSearch,J,c2,headline_api_001,0,18,18,1.0000,94232,3077490.0,reviewer_rejected
J_c2_30b_sweSearch,J,c2,incident_brief_c2_001,1,4,18,0.2222,19079,621540.0,auto_finalized
J_c2_30b_sweSearch,J,c2,invoice_summary_001,1,3,18,0.1667,9622,323130.0,auto_finalized
J_c2_30b_sweSearch,J,c2,label_join_001,0,0,0,,0,0.0,
J_c2_30b_sweSearch,J,c2,partner_brief_001,1,4,18,0.2222,10575,364650.0,auto_finalized
J_c2_30b_sweSearch,J,c2,profile_preview_001,0,8,18,0.4444,153669,4927170.0,reviewer_rejected
J_c2_30b_sweSearch,J,c2,queue_digest_001,1,4,18,0.2222,11282,386100.0,auto_finalized
J_c2_30b_sweSearch,J,c2,ratio_guard_001,0,15,18,0.8333,150892,4839720.0,reviewer_rejected
J_c2_30b_sweSearch,J,c2,renewal_banner_001,0,18,18,1.0000,65926,2215590.0,reviewer_rejected
J_c2_30b_sweSearch,J,c2,retry_slot_001,1,3,18,0.1667,8616,295260.0,auto_finalized
J_c2_30b_sweSearch,J,c2,shipment_digest_001,1,4,18,0.2222,18970,618630.0,auto_finalized
J_c2_30b_sweSearch,J,c2,sprint_rollup_001,1,3,18,0.1667,8985,306420.0,auto_finalized
J_c2_30b_sweSearch,J,c2,tag_visibility_001,1,3,18,0.1667,8082,276120.0,auto_finalized
J_c2_30b_sweSearch,J,c2,timeline_caption_001,0,3,18,0.1667,11959,388680.0,reviewer_rejected
J_c2_30b_sweSearch,J,c2,window_center_001,1,3,18,0.1667,8299,284130.0,auto_finalized
K_c1_minimal_sweSearch,K,c1,board_rollup_001,1,6,18,0.3333,12476,135171.0,auto_finalized
K_c1_minimal_sweSearch,K,c1,budget_snapshot_001,0,18,18,1.0000,53313,586233.0,max_iterations
K_c1_minimal_sweSearch,K,c1,contact_card_001,0,14,18,0.7778,33898,353988.0,max_iterations
K_c1_minimal_sweSearch,K,c1,digest_preview_001,0,18,18,1.0000,70459,713205.0,max_iterations
K_c1_minimal_sweSearch,K,c1,incident_brief_001,1,7,18,0.3889,17434,184581.0,auto_finalized
K_c1_minimal_sweSearch,K,c1,invoice_footer_001,1,11,18,0.6111,32135,339354.0,auto_finalized
K_c1_minimal_sweSearch,K,c1,label_formatter_001,0,18,18,1.0000,61373,631791.0,max_iterations
K_c1_minimal_sweSearch,K,c1,median_window_001,1,3,18,0.1667,5063,57537.0,auto_finalized
K_c1_minimal_sweSearch,K,c1,milestone_rollup_001,0,5,18,0.2778,12391,128754.0,parse_failure
K_c1_minimal_sweSearch,K,c1,nested_app_001,1,6,18,0.3333,12138,132192.0,auto_finalized
K_c1_minimal_sweSearch,K,c1,owner_recap_001,0,13,18,0.7222,42378,437157.0,parse_failure
K_c1_minimal_sweSearch,K,c1,owner_sort_001,1,4,18,0.2222,7427,82521.0,auto_finalized
K_c1_minimal_sweSearch,K,c1,priority_snapshot_001,0,4,18,0.2222,10561,108999.0,parse_failure
K_c1_minimal_sweSearch,K,c1,renewal_preview_001,0,18,18,1.0000,48279,507366.0,max_iterations
K_c1_minimal_sweSearch,K,c1,risk_score_001,1,4,18,0.2222,7751,85788.0,auto_finalized
K_c1_minimal_sweSearch,K,c1,shipment_preview_001,0,18,18,1.0000,55682,576414.0,max_iterations
K_c1_minimal_sweSearch,K,c1,simple_mean_bug_001,1,3,18,0.1667,5301,59571.0,auto_finalized
K_c1_minimal_sweSearch,K,c1,status_slug_001,1,4,18,0.2222,7021,78831.0,auto_finalized
K_c1_minimal_sweSearch,K,c1,team_digest_001,1,4,18,0.2222,10064,106731.0,auto_finalized
K_c1_minimal_sweSearch,K,c1,workspace_digest_001,1,7,18,0.3889,19291,200466.0,auto_finalized
K_c2_minimal_sweSearch,K,c2,assignee_board_001,0,18,18,1.0000,60486,621747.0,max_iterations
K_c2_minimal_sweSearch,K,c2,campaign_header_001,0,18,18,1.0000,51377,540225.0,max_iterations
K_c2_minimal_sweSearch,K,c2,comment_highlight_001,1,4,18,0.2222,8397,90558.0,auto_finalized
K_c2_minimal_sweSearch,K,c2,dispatch_preview_001,0,18,18,1.0000,49559,516987.0,max_iterations
K_c2_minimal_sweSearch,K,c2,fee_rounding_001,1,3,18,0.1667,4830,54504.0,auto_finalized
K_c2_minimal_sweSearch,K,c2,headline_api_001,0,18,18,1.0000,55718,579924.0,max_iterations
K_c2_minimal_sweSearch,K,c2,incident_brief_c2_001,1,4,18,0.2222,7786,85698.0,auto_finalized
K_c2_minimal_sweSearch,K,c2,invoice_summary_001,1,4,18,0.2222,8144,88029.0,auto_finalized
K_c2_minimal_sweSearch,K,c2,label_join_001,1,4,18,0.2222,6515,72144.0,auto_finalized
K_c2_minimal_sweSearch,K,c2,partner_brief_001,1,7,18,0.3889,13440,145413.0,auto_finalized
K_c2_minimal_sweSearch,K,c2,profile_preview_001,0,7,18,0.3889,17176,177255.0,parse_failure
K_c2_minimal_sweSearch,K,c2,queue_digest_001,1,4,18,0.2222,7686,84366.0,auto_finalized
K_c2_minimal_sweSearch,K,c2,ratio_guard_001,0,3,18,0.1667,8174,83655.0,parse_failure
K_c2_minimal_sweSearch,K,c2,renewal_banner_001,1,6,18,0.3333,11436,123606.0,auto_finalized
K_c2_minimal_sweSearch,K,c2,retry_slot_001,1,3,18,0.1667,5003,56619.0,auto_finalized
K_c2_minimal_sweSearch,K,c2,shipment_digest_001,0,4,18,0.2222,10067,104391.0,parse_failure
K_c2_minimal_sweSearch,K,c2,sprint_rollup_001,0,0,0,,0,0.0,
K_c2_minimal_sweSearch,K,c2,tag_visibility_001,1,4,18,0.2222,6863,75942.0,auto_finalized
K_c2_minimal_sweSearch,K,c2,timeline_caption_001,0,18,18,1.0000,52535,529227.0,max_iterations
K_c2_minimal_sweSearch,K,c2,window_center_001,1,3,18,0.1667,4861,55215.0,auto_finalized
L_c1_9b_linear,L,c1,board_rollup_001,1,10,18,0.5556,25280,227520.0,submitted
L_c1_9b_linear,L,c1,budget_snapshot_001,0,18,18,1.0000,58222,523998.0,max_iterations
L_c1_9b_linear,L,c1,contact_card_001,0,18,18,1.0000,50080,450720.0,max_iterations
L_c1_9b_linear,L,c1,digest_preview_001,0,18,18,1.0000,69640,626760.0,max_iterations
L_c1_9b_linear,L,c1,incident_brief_001,1,11,18,0.6111,31377,282393.0,submitted
L_c1_9b_linear,L,c1,invoice_footer_001,0,0,0,,0,0.0,
L_c1_9b_linear,L,c1,label_formatter_001,0,18,18,1.0000,61379,552411.0,max_iterations
L_c1_9b_linear,L,c1,median_window_001,1,7,18,0.3889,14620,131580.0,submitted
L_c1_9b_linear,L,c1,milestone_rollup_001,0,5,18,0.2778,12391,111519.0,parse_failure
L_c1_9b_linear,L,c1,nested_app_001,1,10,18,0.5556,24289,218601.0,submitted
L_c1_9b_linear,L,c1,owner_recap_001,0,18,18,1.0000,57384,516456.0,max_iterations
L_c1_9b_linear,L,c1,owner_sort_001,1,7,18,0.3889,14886,133974.0,submitted
L_c1_9b_linear,L,c1,priority_snapshot_001,0,4,18,0.2222,10561,95049.0,parse_failure
L_c1_9b_linear,L,c1,renewal_preview_001,0,18,18,1.0000,49441,444969.0,max_iterations
L_c1_9b_linear,L,c1,risk_score_001,1,8,18,0.4444,19365,174285.0,submitted
L_c1_9b_linear,L,c1,shipment_preview_001,0,18,18,1.0000,54881,493929.0,max_iterations
L_c1_9b_linear,L,c1,simple_mean_bug_001,1,7,18,0.3889,15329,137961.0,submitted
L_c1_9b_linear,L,c1,status_slug_001,1,8,18,0.4444,17107,153963.0,submitted
L_c1_9b_linear,L,c1,team_digest_001,1,8,18,0.4444,21247,191223.0,submitted
L_c1_9b_linear,L,c1,workspace_digest_001,1,11,18,0.6111,33433,300897.0,submitted
L_c2_9b_linear,L,c2,assignee_board_001,0,18,18,1.0000,59760,537840.0,max_iterations
L_c2_9b_linear,L,c2,campaign_header_001,0,6,18,0.3333,13614,122526.0,parse_failure
L_c2_9b_linear,L,c2,comment_highlight_001,1,8,18,0.4444,19615,176535.0,submitted
L_c2_9b_linear,L,c2,dispatch_preview_001,0,18,18,1.0000,48707,438363.0,max_iterations
L_c2_9b_linear,L,c2,fee_rounding_001,1,8,18,0.4444,16264,146376.0,submitted
L_c2_9b_linear,L,c2,headline_api_001,0,18,18,1.0000,57009,513081.0,max_iterations
L_c2_9b_linear,L,c2,incident_brief_c2_001,1,8,18,0.4444,18431,165879.0,submitted
L_c2_9b_linear,L,c2,invoice_summary_001,1,8,18,0.4444,18181,163629.0,submitted
L_c2_9b_linear,L,c2,label_join_001,1,8,18,0.4444,15436,138924.0,submitted
L_c2_9b_linear,L,c2,partner_brief_001,1,12,18,0.6667,28197,253773.0,submitted
L_c2_9b_linear,L,c2,profile_preview_001,0,7,18,0.3889,17193,154737.0,parse_failure
L_c2_9b_linear,L,c2,queue_digest_001,1,8,18,0.4444,18052,162468.0,submitted
L_c2_9b_linear,L,c2,ratio_guard_001,1,7,18,0.3889,17116,154044.0,submitted
L_c2_9b_linear,L,c2,renewal_banner_001,0,18,18,1.0000,54574,491166.0,max_iterations
L_c2_9b_linear,L,c2,retry_slot_001,1,7,18,0.3889,14458,130122.0,submitted
L_c2_9b_linear,L,c2,shipment_digest_001,1,8,18,0.4444,19509,175581.0,submitted
L_c2_9b_linear,L,c2,sprint_rollup_001,1,7,18,0.3889,14603,131427.0,submitted
L_c2_9b_linear,L,c2,tag_visibility_001,1,8,18,0.4444,16359,147231.0,submitted
L_c2_9b_linear,L,c2,timeline_caption_001,0,8,18,0.4444,18654,167886.0,parse_failure
L_c2_9b_linear,L,c2,window_center_001,1,7,18,0.3889,13784,124056.0,submitted
L_c3_9b_linear,L,c3,alert_subject_001,0,18,18,1.0000,54448,490032.0,max_iterations
L_c3_9b_linear,L,c3,backlog_health_medium_c3_001,1,7,18,0.3889,14670,132030.0,submitted
L_c3_9b_linear,L,c3,c3_banner_trim_001,1,7,18,0.3889,13516,121644.0,submitted
L_c3_9b_linear,L,c3,c3_clamp_floor_001,1,7,18,0.3889,13738,123642.0,submitted
L_c3_9b_linear,L,c3,c3_csv_count_001,1,7,18,0.3889,13423,120807.0,submitted
L_c3_9b_linear,L,c3,c3_eta_label_001,1,8,18,0.4444,16323,146907.0,submitted
L_c3_9b_linear,L,c3,c3_initials_join_001,1,11,18,0.6111,25949,233541.0,submitted
L_c3_9b_linear,L,c3,c3_slug_tail_001,1,7,18,0.3889,13415,120735.0,submitted
L_c3_9b_linear,L,c3,c3_title_case_001,0,18,18,1.0000,66453,598077.0,max_iterations
L_c3_9b_linear,L,c3,escalation_caption_001,0,18,18,1.0000,48277,434493.0,max_iterations
L_c3_9b_linear,L,c3,invoice_alerts_medium_c3_001,1,8,18,0.4444,18330,164970.0,submitted
L_c3_9b_linear,L,c3,ledger_preview_001,1,10,18,0.5556,21660,194940.0,submitted
L_c3_9b_linear,L,c3,oncall_brief_medium_c3_001,1,8,18,0.4444,17538,157842.0,submitted
L_c3_9b_linear,L,c3,quota_snapshot_medium_c3_001,1,9,18,0.5000,20275,182475.0,submitted
L_c3_9b_linear,L,c3,release_notes_medium_c3_001,1,8,18,0.4444,17366,156294.0,submitted
L_c3_9b_linear,L,c3,roster_signature_001,0,18,18,1.0000,48401,435609.0,max_iterations
L_c3_9b_linear,L,c3,segment_badge_001,0,18,18,1.0000,51175,460575.0,max_iterations
L_c3_9b_linear,L,c3,ticket_digest_medium_c3_001,1,8,18,0.4444,18398,165582.0,submitted
L_c3_9b_linear,L,c3,transfer_digest_001,0,18,18,1.0000,55078,495702.0,max_iterations
L_c3_9b_linear,L,c3,uptime_rollup_medium_c3_001,1,8,18,0.4444,18364,165276.0,submitted
M_c1_30b_linear,M,c1,board_rollup_001,1,7,18,0.3889,14614,438420.0,submitted
M_c1_30b_linear,M,c1,budget_snapshot_001,0,18,18,1.0000,48636,1459080.0,max_iterations
M_c1_30b_linear,M,c1,contact_card_001,0,18,18,1.0000,45159,1354770.0,max_iterations
M_c1_30b_linear,M,c1,digest_preview_001,0,18,18,1.0000,54577,1637310.0,max_iterations
M_c1_30b_linear,M,c1,incident_brief_001,1,8,18,0.4444,18325,549750.0,submitted
M_c1_30b_linear,M,c1,invoice_footer_001,0,18,18,1.0000,54930,1647900.0,max_iterations
M_c1_30b_linear,M,c1,label_formatter_001,1,7,18,0.3889,13092,392760.0,submitted
M_c1_30b_linear,M,c1,median_window_001,1,7,18,0.3889,12608,378240.0,submitted
M_c1_30b_linear,M,c1,milestone_rollup_001,1,7,18,0.3889,12932,387960.0,submitted
M_c1_30b_linear,M,c1,nested_app_001,0,18,18,1.0000,48063,1441890.0,max_iterations
M_c1_30b_linear,M,c1,owner_recap_001,0,18,18,1.0000,49666,1489980.0,max_iterations
M_c1_30b_linear,M,c1,owner_sort_001,1,7,18,0.3889,12737,382110.0,submitted
M_c1_30b_linear,M,c1,priority_snapshot_001,1,7,18,0.3889,14036,421080.0,submitted
M_c1_30b_linear,M,c1,renewal_preview_001,1,11,18,0.6111,24982,749460.0,submitted
M_c1_30b_linear,M,c1,risk_score_001,1,7,18,0.3889,13840,415200.0,submitted
M_c1_30b_linear,M,c1,shipment_preview_001,0,18,18,1.0000,42991,1289730.0,max_iterations
M_c1_30b_linear,M,c1,simple_mean_bug_001,1,7,18,0.3889,13564,406920.0,submitted
M_c1_30b_linear,M,c1,status_slug_001,1,7,18,0.3889,12228,366840.0,submitted
M_c1_30b_linear,M,c1,team_digest_001,1,9,18,0.5000,20283,608490.0,submitted
M_c1_30b_linear,M,c1,workspace_digest_001,1,10,18,0.5556,24142,724260.0,submitted
M_c2_30b_linear,M,c2,assignee_board_001,0,18,18,1.0000,48391,1451730.0,max_iterations
M_c2_30b_linear,M,c2,campaign_header_001,0,18,18,1.0000,43023,1290690.0,max_iterations
M_c2_30b_linear,M,c2,comment_highlight_001,1,8,18,0.4444,16183,485490.0,submitted
M_c2_30b_linear,M,c2,dispatch_preview_001,0,18,18,1.0000,40743,1222290.0,max_iterations
M_c2_30b_linear,M,c2,fee_rounding_001,1,7,18,0.3889,11825,354750.0,submitted
M_c2_30b_linear,M,c2,headline_api_001,0,18,18,1.0000,46810,1404300.0,max_iterations
M_c2_30b_linear,M,c2,incident_brief_c2_001,1,9,18,0.5000,18965,568950.0,submitted
M_c2_30b_linear,M,c2,invoice_summary_001,1,8,18,0.4444,15887,476610.0,submitted
M_c2_30b_linear,M,c2,label_join_001,1,7,18,0.3889,11730,351900.0,submitted
M_c2_30b_linear,M,c2,partner_brief_001,1,9,18,0.5000,16016,480480.0,submitted
M_c2_30b_linear,M,c2,profile_preview_001,0,18,18,1.0000,37663,1129890.0,max_iterations
M_c2_30b_linear,M,c2,queue_digest_001,1,8,18,0.4444,15220,456600.0,submitted
M_c2_30b_linear,M,c2,ratio_guard_001,0,18,18,1.0000,64812,1944360.0,max_iterations
M_c2_30b_linear,M,c2,renewal_banner_001,0,18,18,1.0000,40485,1214550.0,max_iterations
M_c2_30b_linear,M,c2,retry_slot_001,1,7,18,0.3889,12488,374640.0,submitted
M_c2_30b_linear,M,c2,shipment_digest_001,1,8,18,0.4444,16765,502950.0,submitted
M_c2_30b_linear,M,c2,sprint_rollup_001,1,7,18,0.3889,13165,394950.0,submitted
M_c2_30b_linear,M,c2,tag_visibility_001,1,7,18,0.3889,12147,364410.0,submitted
M_c2_30b_linear,M,c2,timeline_caption_001,0,18,18,1.0000,38999,1169970.0,max_iterations
M_c2_30b_linear,M,c2,window_center_001,1,7,18,0.3889,12061,361830.0,submitted
M_c3_30b_linear,M,c3,alert_subject_001,0,18,18,1.0000,38897,1166910.0,max_iterations
M_c3_30b_linear,M,c3,backlog_health_medium_c3_001,1,8,18,0.4444,15539,466170.0,submitted
M_c3_30b_linear,M,c3,c3_banner_trim_001,1,7,18,0.3889,11861,355830.0,submitted
M_c3_30b_linear,M,c3,c3_clamp_floor_001,1,7,18,0.3889,12288,368640.0,submitted
M_c3_30b_linear,M,c3,c3_csv_count_001,1,7,18,0.3889,11684,350520.0,submitted
M_c3_30b_linear,M,c3,c3_eta_label_001,1,7,18,0.3889,11813,354390.0,submitted
M_c3_30b_linear,M,c3,c3_initials_join_001,0,18,18,1.0000,42622,1278660.0,max_iterations
M_c3_30b_linear,M,c3,c3_slug_tail_001,1,7,18,0.3889,11715,351450.0,submitted
M_c3_30b_linear,M,c3,c3_title_case_001,1,9,18,0.5000,17487,524610.0,submitted
M_c3_30b_linear,M,c3,escalation_caption_001,0,18,18,1.0000,43252,1297560.0,max_iterations
M_c3_30b_linear,M,c3,invoice_alerts_medium_c3_001,1,7,18,0.3889,13136,394080.0,submitted
M_c3_30b_linear,M,c3,ledger_preview_001,0,18,18,1.0000,40559,1216770.0,max_iterations
M_c3_30b_linear,M,c3,oncall_brief_medium_c3_001,1,8,18,0.4444,16490,494700.0,submitted
M_c3_30b_linear,M,c3,quota_snapshot_medium_c3_001,1,6,18,0.3333,11201,336030.0,submitted
M_c3_30b_linear,M,c3,release_notes_medium_c3_001,1,8,18,0.4444,15319,459570.0,submitted
M_c3_30b_linear,M,c3,roster_signature_001,0,18,18,1.0000,38789,1163670.0,max_iterations
M_c3_30b_linear,M,c3,segment_badge_001,0,18,18,1.0000,38782,1163460.0,max_iterations
M_c3_30b_linear,M,c3,ticket_digest_medium_c3_001,1,8,18,0.4444,15441,463230.0,submitted
M_c3_30b_linear,M,c3,transfer_digest_001,0,18,18,1.0000,50891,1526730.0,max_iterations
M_c3_30b_linear,M,c3,uptime_rollup_medium_c3_001,1,9,18,0.5000,17577,527310.0,submitted
N_c1_120b_linear,N,c1,board_rollup_001,1,9,18,0.5000,34004,4080480.0,submitted
N_c1_120b_linear,N,c1,budget_snapshot_001,1,11,18,0.6111,39984,4798080.0,submitted
N_c1_120b_linear,N,c1,contact_card_001,0,13,18,0.7222,49047,5885640.0,parse_failure
N_c1_120b_linear,N,c1,digest_preview_001,1,10,18,0.5556,40428,4851360.0,submitted
N_c1_120b_linear,N,c1,incident_brief_001,1,11,18,0.6111,39946,4793520.0,submitted
N_c1_120b_linear,N,c1,invoice_footer_001,1,10,18,0.5556,34352,4122240.0,submitted
N_c1_120b_linear,N,c1,label_formatter_001,0,4,18,0.2222,14731,1767720.0,parse_failure
N_c1_120b_linear,N,c1,median_window_001,1,7,18,0.3889,18878,2265360.0,submitted
N_c1_120b_linear,N,c1,milestone_rollup_001,0,1,18,0.0556,3546,425520.0,parse_failure
N_c1_120b_linear,N,c1,nested_app_001,1,10,18,0.5556,30501,3660120.0,submitted
N_c1_120b_linear,N,c1,owner_recap_001,1,12,18,0.6667,36476,4377120.0,submitted
N_c1_120b_linear,N,c1,owner_sort_001,1,6,18,0.3333,16522,1982640.0,submitted
N_c1_120b_linear,N,c1,priority_snapshot_001,0,1,18,0.0556,3587,430440.0,parse_failure
N_c1_120b_linear,N,c1,renewal_preview_001,0,10,18,0.5556,36336,4360320.0,parse_failure
N_c1_120b_linear,N,c1,risk_score_001,1,6,18,0.3333,14956,1794720.0,submitted
N_c1_120b_linear,N,c1,shipment_preview_001,0,4,18,0.2222,15476,1857120.0,parse_failure
N_c1_120b_linear,N,c1,simple_mean_bug_001,1,7,18,0.3889,15745,1889400.0,submitted
N_c1_120b_linear,N,c1,status_slug_001,1,7,18,0.3889,18172,2180640.0,submitted
N_c1_120b_linear,N,c1,team_digest_001,0,1,18,0.0556,3536,424320.0,parse_failure
N_c1_120b_linear,N,c1,workspace_digest_001,1,14,18,0.7778,60836,7300320.0,submitted
N_c2_120b_linear,N,c2,assignee_board_001,0,18,18,1.0000,71947,8633640.0,max_iterations
N_c2_120b_linear,N,c2,campaign_header_001,0,18,18,1.0000,68889,8266680.0,max_iterations
N_c2_120b_linear,N,c2,comment_highlight_001,0,3,18,0.1667,8439,1012680.0,parse_failure
N_c2_120b_linear,N,c2,dispatch_preview_001,0,18,18,1.0000,71108,8532960.0,max_iterations
N_c2_120b_linear,N,c2,fee_rounding_001,1,7,18,0.3889,16560,1987200.0,submitted
N_c2_120b_linear,N,c2,headline_api_001,1,10,18,0.5556,30631,3675720.0,submitted
N_c2_120b_linear,N,c2,incident_brief_c2_001,1,8,18,0.4444,20951,2514120.0,submitted
N_c2_120b_linear,N,c2,invoice_summary_001,1,8,18,0.4444,23430,2811600.0,submitted
N_c2_120b_linear,N,c2,label_join_001,0,2,18,0.1111,5183,621960.0,parse_failure
N_c2_120b_linear,N,c2,partner_brief_001,0,18,18,1.0000,67059,8047080.0,max_iterations
N_c2_120b_linear,N,c2,profile_preview_001,0,18,18,1.0000,82344,9881280.0,max_iterations
N_c2_120b_linear,N,c2,queue_digest_001,1,8,18,0.4444,19489,2338680.0,submitted
N_c2_120b_linear,N,c2,ratio_guard_001,1,7,18,0.3889,19920,2390400.0,submitted
N_c2_120b_linear,N,c2,renewal_banner_001,0,11,18,0.6111,38683,4641960.0,parse_failure
N_c2_120b_linear,N,c2,retry_slot_001,1,9,18,0.5000,19808,2376960.0,submitted
N_c2_120b_linear,N,c2,shipment_digest_001,1,7,18,0.3889,18321,2198520.0,submitted
N_c2_120b_linear,N,c2,sprint_rollup_001,0,18,18,1.0000,68028,8163360.0,max_iterations
N_c2_120b_linear,N,c2,tag_visibility_001,0,3,18,0.1667,7112,853440.0,parse_failure
N_c2_120b_linear,N,c2,timeline_caption_001,0,18,18,1.0000,77120,9254400.0,max_iterations
N_c2_120b_linear,N,c2,window_center_001,1,8,18,0.4444,19462,2335440.0,submitted
N_c3_120b_linear,N,c3,alert_subject_001,0,18,18,1.0000,58572,7028640.0,max_iterations
N_c3_120b_linear,N,c3,backlog_health_medium_c3_001,0,18,18,1.0000,59942,7193040.0,max_iterations
N_c3_120b_linear,N,c3,c3_banner_trim_001,0,18,18,1.0000,46413,5569560.0,max_iterations
N_c3_120b_linear,N,c3,c3_clamp_floor_001,1,7,18,0.3889,16724,2006880.0,submitted
N_c3_120b_linear,N,c3,c3_csv_count_001,1,7,18,0.3889,16210,1945200.0,submitted
N_c3_120b_linear,N,c3,c3_eta_label_001,1,7,18,0.3889,14028,1683360.0,submitted
N_c3_120b_linear,N,c3,c3_initials_join_001,1,10,18,0.5556,25471,3056520.0,submitted
N_c3_120b_linear,N,c3,c3_slug_tail_001,1,7,18,0.3889,16203,1944360.0,submitted
N_c3_120b_linear,N,c3,c3_title_case_001,1,7,18,0.3889,14447,1733640.0,submitted
N_c3_120b_linear,N,c3,escalation_caption_001,0,6,18,0.3333,17444,2093280.0,parse_failure
N_c3_120b_linear,N,c3,invoice_alerts_medium_c3_001,1,8,18,0.4444,21901,2628120.0,submitted
N_c3_120b_linear,N,c3,ledger_preview_001,0,18,18,1.0000,55337,6640440.0,max_iterations
N_c3_120b_linear,N,c3,oncall_brief_medium_c3_001,1,9,18,0.5000,26841,3220920.0,submitted
N_c3_120b_linear,N,c3,quota_snapshot_medium_c3_001,0,0,0,,0,0.0,
N_c3_120b_linear,N,c3,release_notes_medium_c3_001,0,18,18,1.0000,56876,6825120.0,max_iterations
N_c3_120b_linear,N,c3,roster_signature_001,0,18,18,1.0000,70713,8485560.0,parse_failure
N_c3_120b_linear,N,c3,segment_badge_001,0,18,18,1.0000,59216,7105920.0,max_iterations
N_c3_120b_linear,N,c3,ticket_digest_medium_c3_001,0,18,18,1.0000,51687,6202440.0,max_iterations
N_c3_120b_linear,N,c3,transfer_digest_001,1,15,18,0.8333,49015,5881800.0,submitted
N_c3_120b_linear,N,c3,uptime_rollup_medium_c3_001,1,8,18,0.4444,25441,3052920.0,submitted
P_c1_best_combined,P,c1,board_rollup_001,1,3,18,0.1667,10108,420960.0,auto_finalized
P_c1_best_combined,P,c1,budget_snapshot_001,0,10,18,0.5556,126482,4330230.0,reviewer_rejected
P_c1_best_combined,P,c1,contact_card_001,1,7,18,0.3889,30400,1217820.0,reviewer_rejected
P_c1_best_combined,P,c1,digest_preview_001,1,5,18,0.2778,29592,1010250.0,auto_finalized
P_c1_best_combined,P,c1,incident_brief_001,1,4,18,0.2222,15514,747570.0,auto_finalized
P_c1_best_combined,P,c1,invoice_footer_001,0,0,0,,0,0.0,
P_c1_best_combined,P,c1,label_formatter_001,1,3,18,0.1667,9555,416700.0,auto_finalized
P_c1_best_combined,P,c1,median_window_001,1,3,18,0.1667,9066,369360.0,auto_finalized
P_c1_best_combined,P,c1,milestone_rollup_001,1,4,18,0.2222,19244,709800.0,auto_finalized
P_c1_best_combined,P,c1,nested_app_001,0,18,18,1.0000,184979,5914410.0,reviewer_rejected
P_c1_best_combined,P,c1,owner_recap_001,1,7,18,0.3889,29233,1139880.0,auto_finalized
P_c1_best_combined,P,c1,owner_sort_001,1,3,18,0.1667,8960,355110.0,auto_finalized
P_c1_best_combined,P,c1,priority_snapshot_001,1,4,18,0.2222,12499,475770.0,auto_finalized
P_c1_best_combined,P,c1,renewal_preview_001,1,2,18,0.1111,16093,879420.0,auto_finalized
P_c1_best_combined,P,c1,risk_score_001,1,3,18,0.1667,9413,378780.0,auto_finalized
P_c1_best_combined,P,c1,shipment_preview_001,0,18,18,1.0000,106699,3549900.0,reviewer_rejected
P_c1_best_combined,P,c1,simple_mean_bug_001,1,3,18,0.1667,9404,368700.0,auto_finalized
P_c1_best_combined,P,c1,status_slug_001,1,3,18,0.1667,8555,337740.0,auto_finalized
P_c1_best_combined,P,c1,team_digest_001,1,6,18,0.3333,23662,805530.0,auto_finalized
P_c1_best_combined,P,c1,workspace_digest_001,1,4,18,0.2222,14520,550170.0,auto_finalized
P_c2_best_combined,P,c2,assignee_board_001,0,0,0,,0,0.0,
P_c2_best_combined,P,c2,campaign_header_001,0,9,18,0.5000,123582,4038390.0,reviewer_rejected
P_c2_best_combined,P,c2,comment_highlight_001,1,4,18,0.2222,12153,458460.0,auto_finalized
P_c2_best_combined,P,c2,dispatch_preview_001,0,18,18,1.0000,53354,1974120.0,reviewer_rejected
P_c2_best_combined,P,c2,fee_rounding_001,1,3,18,0.1667,8495,343950.0,auto_finalized
P_c2_best_combined,P,c2,headline_api_001,1,2,18,0.1111,8212,485310.0,auto_finalized
P_c2_best_combined,P,c2,incident_brief_c2_001,1,5,18,0.2778,27156,909540.0,auto_finalized
P_c2_best_combined,P,c2,invoice_summary_001,1,3,18,0.1667,10424,443040.0,auto_finalized
P_c2_best_combined,P,c2,label_join_001,1,3,18,0.1667,8331,330750.0,auto_finalized
P_c2_best_combined,P,c2,partner_brief_001,1,5,18,0.2778,19727,691530.0,auto_finalized
P_c2_best_combined,P,c2,profile_preview_001,1,13,18,0.7222,64939,2183790.0,auto_finalized
P_c2_best_combined,P,c2,queue_digest_001,1,4,18,0.2222,11891,466530.0,auto_finalized
P_c2_best_combined,P,c2,ratio_guard_001,0,9,18,0.5000,205843,6539610.0,reviewer_rejected
P_c2_best_combined,P,c2,renewal_banner_001,0,18,18,1.0000,58032,2045430.0,reviewer_rejected
P_c2_best_combined,P,c2,retry_slot_001,1,3,18,0.1667,15648,591390.0,auto_finalized
P_c2_best_combined,P,c2,shipment_digest_001,1,4,18,0.2222,11972,460590.0,auto_finalized
P_c2_best_combined,P,c2,sprint_rollup_001,1,3,18,0.1667,9163,367410.0,auto_finalized
P_c2_best_combined,P,c2,tag_visibility_001,1,3,18,0.1667,14525,521700.0,auto_finalized
P_c2_best_combined,P,c2,timeline_caption_001,0,12,18,0.6667,91194,3104010.0,reviewer_rejected
P_c2_best_combined,P,c2,window_center_001,1,3,18,0.1667,8678,356190.0,auto_finalized
P_c3_best_combined,P,c3,alert_subject_001,1,2,18,0.1111,14400,663300.0,auto_finalized
P_c3_best_combined,P,c3,backlog_health_medium_c3_001,1,4,18,0.2222,12141,487440.0,auto_finalized
P_c3_best_combined,P,c3,c3_banner_trim_001,1,3,18,0.1667,8415,332370.0,auto_finalized
P_c3_best_combined,P,c3,c3_clamp_floor_001,1,3,18,0.1667,8650,354270.0,auto_finalized
P_c3_best_combined,P,c3,c3_csv_count_001,1,3,18,0.1667,8379,333810.0,auto_finalized
P_c3_best_combined,P,c3,c3_eta_label_001,1,3,18,0.1667,8339,333060.0,auto_finalized
P_c3_best_combined,P,c3,c3_initials_join_001,0,14,18,0.7778,80100,2719620.0,reviewer_rejected
P_c3_best_combined,P,c3,c3_slug_tail_001,1,3,18,0.1667,8491,351030.0,auto_finalized
P_c3_best_combined,P,c3,c3_title_case_001,1,5,18,0.2778,18359,637890.0,auto_finalized
P_c3_best_combined,P,c3,escalation_caption_001,0,18,18,1.0000,72934,2459640.0,reviewer_rejected
P_c3_best_combined,P,c3,invoice_alerts_medium_c3_001,1,4,18,0.2222,13612,667560.0,auto_finalized
P_c3_best_combined,P,c3,ledger_preview_001,1,4,18,0.2222,10798,419880.0,auto_finalized
P_c3_best_combined,P,c3,oncall_brief_medium_c3_001,1,5,18,0.2778,22127,776940.0,auto_finalized
P_c3_best_combined,P,c3,quota_snapshot_medium_c3_001,1,4,18,0.2222,11788,447240.0,auto_finalized
P_c3_best_combined,P,c3,release_notes_medium_c3_001,1,4,18,0.2222,11718,448920.0,auto_finalized
P_c3_best_combined,P,c3,roster_signature_001,0,7,18,0.3889,105793,3552690.0,reviewer_rejected
P_c3_best_combined,P,c3,segment_badge_001,0,17,18,0.9444,77260,2636580.0,reviewer_rejected
P_c3_best_combined,P,c3,ticket_digest_medium_c3_001,1,4,18,0.2222,20561,866760.0,auto_finalized
P_c3_best_combined,P,c3,transfer_digest_001,0,13,18,0.7222,132762,4509270.0,reviewer_rejected
P_c3_best_combined,P,c3,uptime_rollup_medium_c3_001,1,4,18,0.2222,21023,896640.0,auto_finalized
